,Address,City,State
0,5551-5613 E 16th St, Indianapolis,IN
1,1633 N Capitol Ave, Indianapolis,IN
2,714 N Senate Ave Suite 110, Indianapolis,IN
3,Indianapolis,Indianapolis,IN
4,456 N Holmes Ave, Indianapolis,IN
5,7250 Clearvista Dr Ste 350, Indianapolis,IN
6,720 Eskenazi Ave, Indianapolis,IN
7,7630 E 86th St, Indianapolis,IN
8,1400 N Ritter Ave Ste 481, Indianapolis,IN
9,1701 Senate Blvd, Indianapolis,IN
10,3700 Clarks Creek Rd, Plainfield,IN
11,9240 N Meridian St # 330, Indianapolis,IN
12,5492 Ronald Reagan Pkwy, Brownsburg,IN
13,9795 Crosspoint Blvd # 195, Indianapolis,IN
14,8401 Harcourt Rd, Indianapolis,IN
15,550 University Blvd, Indianapolis,IN
16,4901 W 86th St, Indianapolis,IN
17,575 Riley Hospital Dr #3950, Indianapolis,IN
18,1700 W 10th St, Indianapolis,IN
19,2040 Shadeland Ave, Indianapolis,IN
20,714 N Senate Ave Suite 110, Indianapolis,IN
21,1701 N Senate Ave, Indianapolis,IN
22,1010 Hornaday Rd, Brownsburg,IN
23,12188-B N Meridian St, Carmel,IN
24,3838 N Rural St, Indianapolis,IN
25,3400 Lafayette Rd # 200, Indianapolis,IN
26,4745 Statesmen Dr Suite A, Indianapolis,IN
27,2001 W 86th St, Indianapolis,IN
28,1747 N Rural St, Indianapolis,IN
29,11725 N Illinois St Suite 485, Carmel,IN
30,1500 N Ritter Ave, Indianapolis,IN
31,5750 W 56th St, Indianapolis,IN
32,11590 N Meridian St Suite 300, Carmel,IN
33,720 Eskenazi Ave, Indianapolis,IN
34,720 Eskenazi Avenue Sandra Eskenazi Outpatient Care Center 2nd Floor, Indianapolis,IN
35,13914 Southeastern Pkwy, Fishers,IN
36,7150 Clearvista Dr, Indianapolis,IN
37,2907 E Smokey Row Rd, Carmel,IN
38,11725 N Illinois St Suite 485, Carmel,IN
39,755 W Carmel Dr UNIT 105, Carmel,IN
40,720 Eskenazi Ave, Indianapolis,IN
41,7150 Clearvista Dr, Indianapolis,IN
42,201 Pennsylvania Pkwy, Indianapolis,IN
43,5502 E 16th St # A12, Indianapolis,IN
44,714 N Senate Ave Suite 120, Indianapolis,IN
45,8060 Knue Rd, Indianapolis,IN
46,5430 W US Hwy 40, Greenfield,IN
47,1111 Ronald Reagan Pkwy Suite 305, Avon,IN
48,5492 Ronald Reagan Pkwy, Brownsburg,IN
49,8244 E US Hwy 36 # 1100, Avon,IN
50,13100 E 136th St Suite 3200, Fishers,IN
51,1500 N Ritter Ave, Indianapolis,IN
52,2040 Shadeland Ave # 300, Indianapolis,IN
53,13000 East 136th Street Suite 3600, Fishers,IN
54,1700 W 10th St, Indianapolis,IN
55,1100 Southfield Dr #1140, Plainfield,IN
56,8220 Naab Rd #101, Indianapolis,IN
57,2001 W 86th St, Indianapolis,IN
58,200 Medical Drive, Castleton,IN
59,11725 N Illinois St Suite 465, Carmel,IN
60,Hadley Dr, Indianapolis,IN
61,8103 Clearvista Pkwy # 240, Indianapolis,IN
62,1115 Ronald Reagan Pkwy Suite 371, Avon,IN
63,5492 Ronald Reagan Pkwy,Indianapolis,IN
64,270 W Jackson St, Cicero,IN
65,11725 N Illinois St Suite 450, Carmel,IN
66,11700 N Meridian St, Carmel,IN
67,9202 N Meridian St Suite 150, Indianapolis,IN
68,8402 Harcourt Rd #731, Indianapolis,IN
69,6613 Gateshead Ln, Indianapolis,IN
70,9795 E 116th St, Fishers,IN
71,7250 Clearvista Dr #380, Indianapolis,IN
72,17600 Shamrock Blvd, Westfield,IN
73,1633 N Capitol Ave # 236, Indianapolis,IN
74,11725 N Illinois St Suite 465, Carmel,IN
75,7250 Clearvista Dr, Indianapolis,IN
76,6330 E 75th St suite 148, Indianapolis,IN
77,714 N Senate Ave Suite 120, Indianapolis,IN
78,Market Square Center 151 N Delaware St, Indianapolis,IN
79,860 E 86th St, Indianapolis,IN
80,1115 Ronald Reagan Pkwy Suite 171, Avon,IN
81,3838 N Rural St, Indianapolis,IN
82,2225 Shelby St, Indianapolis,IN
83,550 University Blvd Suite 2180, Indianapolis,IN
84,1111 Ronald Reagan Pkwy, Avon,IN
85,8330 Naab Rd # 102, Indianapolis,IN
86,575 Riley Hospital Dr Suite 4270, Indianapolis,IN
87,Hideaway S Dr, Indianapolis,IN
88,2805 E 96th St, Indianapolis,IN
89,714 N Senate Ave Suite 100, Indianapolis,IN
90,395 Westfield Rd, Noblesville,IN
91,7145 East 21st St, Indianapolis,IN
92,112 Hospital Ln Building 2 #303, Danville,IN
93,8075 Shadeland Ave, Indianapolis,IN
94,2225 Shelby St, Indianapolis,IN
95,2605 N Lebanon St, Lebanon,IN
96,699 N West St, Indianapolis,IN
97,Fifth Third Bank Building at Eskenazi Health 640 Eskenazi Ave, Indianapolis,IN
98,362 W 15th St Suite 3200, Indianapolis,IN
99,13000 East 136th Street, Fishers,IN
100,8616 W 10th St, Indianapolis,IN
101,8220 Naab Rd #101, Indianapolis,IN
102,5435 E 16th St, Indianapolis,IN
103,1633 N Capitol Ave, Indianapolis,IN
104,720 Eskenazi Ave 4th Floor, Indianapolis,IN
105,705 Riley Hospital Dr, Indianapolis,IN
106,5492 Ronald Reagan Pkwy # 130, Brownsburg,IN
107,5625 Castle Creek Pkwy N Dr, Indianapolis,IN
108,11700 N Meridian St, Carmel,IN
109,1002 Wishard Blvd, Indianapolis,IN
110,1411 S Green St #110, Brownsburg,IN
111,3968 Steinmetz Dr, Indianapolis,IN
112,6440 W 34th St, Indianapolis,IN
113,1411 S Green St, Brownsburg,IN
114,1500 N Ritter Ave, Indianapolis,IN
115,5435 Emerson Way Suite 100, Indianapolis,IN
116,7250 Clearvista Dr Ste 380, Indianapolis,IN
117,8050 Township Line Rd, Indianapolis,IN
118,5504 E 146th St, Noblesville,IN
119,8220 Naab Rd #101, Indianapolis,IN
120,1240 Wishard Blvd, Indianapolis,IN
121,1633 N Capitol Ave, Indianapolis,IN
122,8075 Shadeland Ave, Indianapolis,IN
123,550 University Blvd Suite 3500, Indianapolis,IN
124,Ditch Rd & W 86th St, Indianapolis,IN
125,3138 N Bancroft St, Indianapolis,IN
126,1481 W 10th St, Indianapolis,IN
127,5555 N Tacoma Ave #12, Indianapolis,IN
128,13500 N Meridian St, Carmel,IN
129,5760 W Morris St, Indianapolis,IN
130,2001 W 86th St, Indianapolis,IN
131,1935 N Capitol Ave, Indianapolis,IN
132,1701 N Senate Ave, Indianapolis,IN
133,9780 Lantern Rd, Fishers,IN
134,8111 Township Line Rd, Indianapolis,IN
135,Parking Garage 4 1633 N Capitol Ave, Indianapolis,IN
136,1500 N Ritter Ave, Indianapolis,IN
137,725 N Capitol Ave, Indianapolis,IN
138,562 W 12th St, Indianapolis,IN
139,650 N Girls School Rd, Indianapolis,IN
140,7343 Clearvista Dr, Indianapolis,IN
141,107 Park Pl Blvd, Avon,IN
142,1400 N Ritter Ave, Indianapolis,IN
143,6820 Parkdale Pl # 204, Indianapolis,IN
144,2001 W 86th St, Indianapolis,IN
145,8015 Pendleton Pike, Lawrence,IN
146,8111 Township Line Rd, Indianapolis,IN
147,8755 Guion Rd Suite A, Indianapolis,IN
148,17600 Shamrock Blvd, Westfield,IN
149,6750 Eagle View Dr, Indianapolis,IN
150,11725 N Illinois St Suite 595, Carmel,IN
151,325 S Alabama St, Indianapolis,IN
152,8400 Northwest Blvd, Indianapolis,IN
153,445 S County Rd 525 E, Avon,IN
154,7165 Clearvista Way, Indianapolis,IN
155,2697 W 10th St, Indianapolis,IN
156,9613 E US Hwy 36, Avon,IN
157,1002 Wishard Blvd Suite 2001, Indianapolis,IN
158,5602 Caito Dr, Indianapolis,IN
159,5707 Chelsea Rd, Indianapolis,IN