,business_status,geometry,name,place_id,rating,user_ratings_total,vicinity,url,Venue Latitude,Venue Longitude,viewport.northeast.lat,viewport.northeast.lng,viewport.southwest.lat,viewport.southwest.lng,GEOID
0,OPERATIONAL,"{'location': {'lat': 39.78901339999999, 'lng': -86.0720324}, 'viewport': {'northeast': {'lat': 39.79031587989272, 'lng': -86.07068237010726}, 'southwest': {'lat': 39.78761622010727, 'lng': -86.07338202989271}}}",Hospital,ChIJibXSiUlPa4gRlYMC1Hmboag,0,0,"5551-5613 E 16th St, Indianapolis",https://www.google.com/maps/place/?q=place_id:ChIJibXSiUlPa4gRlYMC1Hmboag,39.7890134,-86.0720324,39.79031588,-86.07068237,39.78761622,-86.07338203,18097360900
1,OPERATIONAL,"{'location': {'lat': 39.789247, 'lng': -86.16111649999999}, 'viewport': {'northeast': {'lat': 39.79058517989272, 'lng': -86.15993127010728}, 'southwest': {'lat': 39.78788552010728, 'lng': -86.16263092989271}}}",Care Center at the Tower,ChIJVVVVVclQa4gRzEepYOFAIfU,3.6,10,"1633 N Capitol Ave, Indianapolis",https://www.google.com/maps/place/?q=place_id:ChIJVVVVVclQa4gRzEepYOFAIfU,39.7890134,-86.0720324,39.79031588,-86.07068237,39.78761622,-86.07338203,18097353300
2,OPERATIONAL,"{'location': {'lat': 39.7772599, 'lng': -86.1634978}, 'viewport': {'northeast': {'lat': 39.77904727989272, 'lng': -86.16210717010728}, 'southwest': {'lat': 39.77634762010727, 'lng': -86.16480682989273}}}",IU Health Sleep Disorders Center - Indianapolis Sleep Center,ChIJNySqSXNRa4gRHGZgIm6M8Yg,3.7,10,"714 N Senate Ave Suite 110, Indianapolis",https://www.google.com/maps/place/?q=place_id:ChIJNySqSXNRa4gRHGZgIm6M8Yg,39.7890134,-86.0720324,39.79031588,-86.07068237,39.78761622,-86.07338203,18097391002
3,OPERATIONAL,"{'location': {'lat': 39.7714098, 'lng': -86.17482629999999}, 'viewport': {'northeast': {'lat': 39.77275492989273, 'lng': -86.17381947010728}, 'southwest': {'lat': 39.77005527010729, 'lng': -86.17651912989272}}}",University hospital west,ChIJq4a6k-pRa4gRqDg2rS3soDM,0,0,"901 W New York St, Indianapolis, IN 46202, Estados Unidos",https://www.google.com/maps/place/?q=place_id:ChIJq4a6k-pRa4gRqDg2rS3soDM,39.7714098,-86.1748263,39.77275493,-86.17381947,39.77005527,-86.17651913,18097391001
4,OPERATIONAL,"{'location': {'lat': 39.7738818, 'lng': -86.2055091}, 'viewport': {'northeast': {'lat': 39.77520392989272, 'lng': -86.20400142010728}, 'southwest': {'lat': 39.77250427010728, 'lng': -86.20670107989272}}}",Care Center,ChIJ4-nVY21Xa4gRN9gd-9lQyxc,0,0,"456 N Holmes Ave, Indianapolis",https://www.google.com/maps/place/?q=place_id:ChIJ4-nVY21Xa4gRN9gd-9lQyxc,39.7714098,-86.1748263,39.77275493,-86.17381947,39.77005527,-86.17651913,18097390700
5,OPERATIONAL,"{'location': {'lat': 39.9003186, 'lng': -86.03991549999999}, 'viewport': {'northeast': {'lat': 39.90161892989272, 'lng': -86.03844752010725}, 'southwest': {'lat': 39.89891927010728, 'lng': -86.0411471798927}}}",Sleep/Wake Disorders Center - North,ChIJq5BIlRBNa4gRA6MdpXmtnyU,5,2,"7250 Clearvista Dr Ste 350, Indianapolis",https://www.google.com/maps/place/?q=place_id:ChIJq5BIlRBNa4gRA6MdpXmtnyU,39.7714098,-86.1748263,39.77275493,-86.17381947,39.77005527,-86.17651913,18097330106
6,OPERATIONAL,"{'location': {'lat': 39.7779943, 'lng': -86.18398189999999}, 'viewport': {'northeast': {'lat': 39.77964017989272, 'lng': -86.18255227010728}, 'southwest': {'lat': 39.77694052010727, 'lng': -86.18525192989273}}}",Eskenazi Hospital,ChIJCx0Or_tXa4gRrcHQuZi9ghQ,3.5,25,"720 Eskenazi Ave, Indianapolis",https://www.google.com/maps/place/?q=place_id:ChIJCx0Or_tXa4gRrcHQuZi9ghQ,39.7779943,-86.1839819,39.77964018,-86.18255227,39.77694052,-86.18525193,18097391001
7,OPERATIONAL,"{'location': {'lat': 39.9130523, 'lng': -86.03356579999999}, 'viewport': {'northeast': {'lat': 39.91413267989272, 'lng': -86.03221477010726}, 'southwest': {'lat': 39.91143302010728, 'lng': -86.03491442989271}}}",Castleton Health Care Center,ChIJU3L8ycpMa4gR-kAbHEq8J-w,3.8,12,"7630 E 86th St, Indianapolis",https://www.google.com/maps/place/?q=place_id:ChIJU3L8ycpMa4gR-kAbHEq8J-w,39.7779943,-86.1839819,39.77964018,-86.18255227,39.77694052,-86.18525193,18097330103
8,OPERATIONAL,"{'location': {'lat': 39.785863, 'lng': -86.07631719999999}, 'viewport': {'northeast': {'lat': 39.78737202989272, 'lng': -86.07429737010726}, 'southwest': {'lat': 39.78467237010728, 'lng': -86.07699702989271}}}",Sleep/Wake Disorders Center - East,ChIJp8YzlWhPa4gRjRLKZQSAHvE,0,0,"1400 N Ritter Ave Ste 481, Indianapolis",https://www.google.com/maps/place/?q=place_id:ChIJp8YzlWhPa4gRjRLKZQSAHvE,39.7779943,-86.1839819,39.77964018,-86.18255227,39.77694052,-86.18525193,18097360900
9,OPERATIONAL,"{'location': {'lat': 39.7904306, 'lng': -86.1631634}, 'viewport': {'northeast': {'lat': 39.79635710000001, 'lng': -86.15916770000001}, 'southwest': {'lat': 39.78564629999999, 'lng': -86.16786649999999}}}",Methodist Hospital,ChIJv6KM_QFRa4gRTSdLkqH6pDw,3,11,"1701 Senate Blvd, Indianapolis",https://www.google.com/maps/place/?q=place_id:ChIJv6KM_QFRa4gRTSdLkqH6pDw,39.7904306,-86.1631634,39.7963571,-86.1591677,39.7856463,-86.1678665,18097353300
10,OPERATIONAL,"{'location': {'lat': 39.7086486, 'lng': -86.3720855}, 'viewport': {'northeast': {'lat': 39.70998857989272, 'lng': -86.37047002010728}, 'southwest': {'lat': 39.70728892010727, 'lng': -86.37316967989271}}}",Plainfield Health Care Center,ChIJ4ffVClqkbIgRLTy-UAMxbTM,4.2,32,"3700 Clarks Creek Rd, Plainfield",https://www.google.com/maps/place/?q=place_id:ChIJ4ffVClqkbIgRLTy-UAMxbTM,39.7904306,-86.1631634,39.7963571,-86.1591677,39.7856463,-86.1678665,18097353300
11,OPERATIONAL,"{'location': {'lat': 39.9225654, 'lng': -86.15879819999999}, 'viewport': {'northeast': {'lat': 39.92385087989272, 'lng': -86.15751922010728}, 'southwest': {'lat': 39.92115122010727, 'lng': -86.16021887989272}}}",American Sleep Medicine,ChIJrf70J7SsFIgRVkRXcBXBd1o,1.8,21,"9240 N Meridian St # 330, Indianapolis",https://www.google.com/maps/place/?q=place_id:ChIJrf70J7SsFIgRVkRXcBXBd1o,39.7904306,-86.1631634,39.7963571,-86.1591677,39.7856463,-86.1678665,18097320107
12,OPERATIONAL,"{'location': {'lat': 39.844213, 'lng': -86.35758}, 'viewport': {'northeast': {'lat': 39.84565217989271, 'lng': -86.35635267010727}, 'southwest': {'lat': 39.84295252010727, 'lng': -86.35905232989272}}}",Brownsburg Hospital,ChIJJx4WhB-sbIgRMUI-IyLMUME,5,1,"5492 Ronald Reagan Pkwy, Brownsburg",https://www.google.com/maps/place/?q=place_id:ChIJJx4WhB-sbIgRMUI-IyLMUME,39.844213,-86.35758,39.84565218,-86.35635267,39.84295252,-86.35905233,18063210108
13,OPERATIONAL,"{'location': {'lat': 39.9322462, 'lng': -86.0290299}, 'viewport': {'northeast': {'lat': 39.93357357989272, 'lng': -86.02769962010728}, 'southwest': {'lat': 39.93087392010727, 'lng': -86.03039927989272}}}",Life Care Center,ChIJMfZsukGzFIgRWUrnEgBnO3g,0,0,"9795 Crosspoint Blvd # 195, Indianapolis",https://www.google.com/maps/place/?q=place_id:ChIJMfZsukGzFIgRWUrnEgBnO3g,39.844213,-86.35758,39.84565218,-86.35635267,39.84295252,-86.35905233,18057110810
14,OPERATIONAL,"{'location': {'lat': 39.908823, 'lng': -86.1926185}, 'viewport': {'northeast': {'lat': 39.91007822989272, 'lng': -86.19136697010727}, 'southwest': {'lat': 39.90737857010728, 'lng': -86.19406662989272}}}",St.Vincent Indianapolis Sleep Center,ChIJWRZJIbhUa4gR9oc8SjOAguE,2.6,5,"8401 Harcourt Rd, Indianapolis",https://www.google.com/maps/place/?q=place_id:ChIJWRZJIbhUa4gR9oc8SjOAguE,39.844213,-86.35758,39.84565218,-86.35635267,39.84295252,-86.35905233,18097320108
15,OPERATIONAL,"{'location': {'lat': 39.7760091, 'lng': -86.1769585}, 'viewport': {'northeast': {'lat': 39.77736492989273, 'lng': -86.17505967010729}, 'southwest': {'lat': 39.77466527010728, 'lng': -86.17775932989274}}}",IU Health University Hospital,ChIJXVF1kTVXa4gRSwhJDJYRZto,3.7,265,"550 University Blvd, Indianapolis",https://www.google.com/maps/place/?q=place_id:ChIJXVF1kTVXa4gRSwhJDJYRZto,39.7760091,-86.1769585,39.77736493,-86.17505967,39.77466527,-86.17775933,18097391001
16,OPERATIONAL,"{'location': {'lat': 39.910855, 'lng': -86.24177019999999}, 'viewport': {'northeast': {'lat': 39.91243217989273, 'lng': -86.24043992010728}, 'southwest': {'lat': 39.90973252010728, 'lng': -86.24313957989273}}}",Womenâ€™s Care Center,ChIJT6f4UU9Va4gRyBe7D0GcSxE,4.8,260,"4901 W 86th St, Indianapolis",https://www.google.com/maps/place/?q=place_id:ChIJT6f4UU9Va4gRyBe7D0GcSxE,39.7760091,-86.1769585,39.77736493,-86.17505967,39.77466527,-86.17775933,18097310105
17,OPERATIONAL,"{'location': {'lat': 39.7759053, 'lng': -86.18081819999999}, 'viewport': {'northeast': {'lat': 39.77740087989272, 'lng': -86.17967937010727}, 'southwest': {'lat': 39.77470122010727, 'lng': -86.18237902989272}}}",Riley Sleep Medicine - Riley Outpatient Center,ChIJBUadXb5Xa4gR2WIHY4O76hg,0,0,"575 Riley Hospital Dr #3950, Indianapolis",https://www.google.com/maps/place/?q=place_id:ChIJBUadXb5Xa4gR2WIHY4O76hg,39.7760091,-86.1769585,39.77736493,-86.17505967,39.77466527,-86.17775933,18097391001
18,OPERATIONAL,"{'location': {'lat': 39.7816275, 'lng': -86.1915446}, 'viewport': {'northeast': {'lat': 39.78267922989271, 'lng': -86.19046882010727}, 'southwest': {'lat': 39.77997957010727, 'lng': -86.19316847989272}}}",Kindred Hospital Indianapolis,ChIJQ4lmbjxXa4gRHaAgY92Z0VI,4.7,333,"1700 W 10th St, Indianapolis",https://www.google.com/maps/place/?q=place_id:ChIJQ4lmbjxXa4gRHaAgY92Z0VI,39.7816275,-86.1915446,39.78267923,-86.19046882,39.77997957,-86.19316848,18097352700
19,OPERATIONAL,"{'location': {'lat': 39.7953753, 'lng': -86.04730409999999}, 'viewport': {'northeast': {'lat': 39.79660252989272, 'lng': -86.04571267010728}, 'southwest': {'lat': 39.79390287010728, 'lng': -86.04841232989273}}}",Shadeland Family Care Center,ChIJA0D5e_xOa4gRcQNgHc6mkQI,3.7,3,"2040 Shadeland Ave, Indianapolis",https://www.google.com/maps/place/?q=place_id:ChIJA0D5e_xOa4gRcQNgHc6mkQI,39.7816275,-86.1915446,39.78267923,-86.19046882,39.77997957,-86.19316848,18097360800
20,OPERATIONAL,"{'location': {'lat': 39.7772599, 'lng': -86.1634978}, 'viewport': {'northeast': {'lat': 39.77904727989272, 'lng': -86.16210717010728}, 'southwest': {'lat': 39.77634762010727, 'lng': -86.16480682989273}}}",IU Health Sleep Apnea Education Center - Indianapolis Sleep Center,ChIJuX13E8NRa4gR7iwzGZHJIDc,0,0,"714 N Senate Ave Suite 110, Indianapolis",https://www.google.com/maps/place/?q=place_id:ChIJuX13E8NRa4gR7iwzGZHJIDc,39.7816275,-86.1915446,39.78267923,-86.19046882,39.77997957,-86.19316848,18097391002
21,OPERATIONAL,"{'location': {'lat': 39.7903409, 'lng': -86.1633559}, 'viewport': {'northeast': {'lat': 39.79163132989273, 'lng': -86.16173200000001}, 'southwest': {'lat': 39.78893167010728, 'lng': -86.1646276}}}",IU Health Methodist Hospital,ChIJg_EtMtpQa4gRqRkCZ9yI55w,3.1,440,"1701 N Senate Ave, Indianapolis",https://www.google.com/maps/place/?q=place_id:ChIJg_EtMtpQa4gRqRkCZ9yI55w,39.7903409,-86.1633559,39.79163133,-86.161732,39.78893167,-86.1646276,18097353300
22,OPERATIONAL,"{'location': {'lat': 39.8301557, 'lng': -86.3831271}, 'viewport': {'northeast': {'lat': 39.83154512989272, 'lng': -86.38146217010727}, 'southwest': {'lat': 39.82884547010728, 'lng': -86.38416182989272}}}",Brownsburg Health Care Center,ChIJc6PcgWSubIgRw1PTixbVo5g,4,64,"1010 Hornaday Rd, Brownsburg",https://www.google.com/maps/place/?q=place_id:ChIJc6PcgWSubIgRw1PTixbVo5g,39.7903409,-86.1633559,39.79163133,-86.161732,39.78893167,-86.1646276,18063210204
23,OPERATIONAL,"{'location': {'lat': 39.9679498, 'lng': -86.1587928}, 'viewport': {'northeast': {'lat': 39.96928847989272, 'lng': -86.15724187010727}, 'southwest': {'lat': 39.96658882010728, 'lng': -86.15994152989272}}}",Franciscan Health Sleep Center Carmel,ChIJTZVlvGitFIgR3jsaPenpH64,0,0,"12188-B, N Meridian St, Carmel",https://www.google.com/maps/place/?q=place_id:ChIJTZVlvGitFIgR3jsaPenpH64,39.7903409,-86.1633559,39.79163133,-86.161732,39.78893167,-86.1646276,18057111009
24,OPERATIONAL,"{'location': {'lat': 39.826433, 'lng': -86.1171329}, 'viewport': {'northeast': {'lat': 39.82784017989272, 'lng': -86.11571182010726}, 'southwest': {'lat': 39.82514052010728, 'lng': -86.11841147989271}}}",Health & Hospital,ChIJ03J3foxRa4gRWqn-OxE-mTY,0,0,"3838 N Rural St, Indianapolis",https://www.google.com/maps/place/?q=place_id:ChIJ03J3foxRa4gRWqn-OxE-mTY,39.826433,-86.1171329,39.82784018,-86.11571182,39.82514052,-86.11841148,18097322601
25,OPERATIONAL,"{'location': {'lat': 39.8175537, 'lng': -86.2296634}, 'viewport': {'northeast': {'lat': 39.81910157989273, 'lng': -86.22835542010726}, 'southwest': {'lat': 39.81640192010728, 'lng': -86.23105507989271}}}",Shalom Health Care Center,ChIJg2fK4GlWa4gR9ZaaOnhcW-w,2.4,50,"3400 Lafayette Rd # 200, Indianapolis",https://www.google.com/maps/place/?q=place_id:ChIJg2fK4GlWa4gR9ZaaOnhcW-w,39.826433,-86.1171329,39.82784018,-86.11571182,39.82514052,-86.11841148,18097340400
26,OPERATIONAL,"{'location': {'lat': 39.9043256, 'lng': -86.088861}, 'viewport': {'northeast': {'lat': 39.90573477989273, 'lng': -86.0876693201073}, 'southwest': {'lat': 39.90303512010728, 'lng': -86.09036897989273}}}",ARORA Specialty Sleep Clinic,ChIJN7q4MdFNa4gRDwO1fOnmboo,5,1,"4745 Statesmen Dr Suite A, Indianapolis",https://www.google.com/maps/place/?q=place_id:ChIJN7q4MdFNa4gRDwO1fOnmboo,39.826433,-86.1171329,39.82784018,-86.11571182,39.82514052,-86.11841148,18097320306
27,OPERATIONAL,"{'location': {'lat': 39.9072793, 'lng': -86.19703360000001}, 'viewport': {'northeast': {'lat': 39.91063644999999, 'lng': -86.19412104999999}, 'southwest': {'lat': 39.90616025000001, 'lng': -86.19800445000001}}}",Ascension St. Vincent Hospital - Indianapolis,ChIJDajt38dUa4gRJsRonBPXh1M,3,374,"2001 W 86th St, Indianapolis",https://www.google.com/maps/place/?q=place_id:ChIJDajt38dUa4gRJsRonBPXh1M,39.9072793,-86.1970336,39.91063645,-86.19412105,39.90616025,-86.19800445,18097320108
28,OPERATIONAL,"{'location': {'lat': 39.7909443, 'lng': -86.1160937}, 'viewport': {'northeast': {'lat': 39.79229392989271, 'lng': -86.11497812010727}, 'southwest': {'lat': 39.78959427010727, 'lng': -86.1176777798927}}}",Rural Health Care Center,ChIJZ7qs-0pQa4gRw-TIlAY27ro,1.7,9,"1747 N Rural St, Indianapolis",https://www.google.com/maps/place/?q=place_id:ChIJZ7qs-0pQa4gRw-TIlAY27ro,39.9072793,-86.1970336,39.91063645,-86.19412105,39.90616025,-86.19800445,18097352600
29,CLOSED_TEMPORARILY,"{'location': {'lat': 39.959299, 'lng': -86.1597094}, 'viewport': {'northeast': {'lat': 39.96097667989272, 'lng': -86.15855722010727}, 'southwest': {'lat': 39.95827702010727, 'lng': -86.16125687989272}}}",IU Health Sleep Disorders Center - IU Health North Hospital Medical Office Building,ChIJ6yFgnuutFIgR0eOW78a9J-U,0,0,"11725 N Illinois St Suite 485, Carmel",https://www.google.com/maps/place/?q=place_id:ChIJ6yFgnuutFIgR0eOW78a9J-U,39.9072793,-86.1970336,39.91063645,-86.19412105,39.90616025,-86.19800445,18057111009
30,OPERATIONAL,"{'location': {'lat': 39.7871165, 'lng': -86.0752481}, 'viewport': {'northeast': {'lat': 39.78799877989273, 'lng': -86.07374837010728}, 'southwest': {'lat': 39.78529912010728, 'lng': -86.07644802989273}}}",Community Hospital,ChIJSVkY5r9Ra4gRNfrcMtPDwbk,2.9,7,"1500 N Ritter Ave, Indianapolis",https://www.google.com/maps/place/?q=place_id:ChIJSVkY5r9Ra4gRNfrcMtPDwbk,39.7871165,-86.0752481,39.78799878,-86.07374837,39.78529912,-86.07644803,18097360900
31,OPERATIONAL,"{'location': {'lat': 39.8537314, 'lng': -86.2621638}, 'viewport': {'northeast': {'lat': 39.85507847989273, 'lng': -86.26093972010727}, 'southwest': {'lat': 39.85237882010728, 'lng': -86.26363937989272}}}",Shalom Health Care Center,ChIJo-IRsA6qbIgRzJJ2cr8B3-4,3.1,28,"5750 W 56th St, Indianapolis",https://www.google.com/maps/place/?q=place_id:ChIJo-IRsA6qbIgRzJJ2cr8B3-4,39.7871165,-86.0752481,39.78799878,-86.07374837,39.78529912,-86.07644803,18097360900
32,OPERATIONAL,"{'location': {'lat': 39.9552903, 'lng': -86.16065499999999}, 'viewport': {'northeast': {'lat': 39.95656967989272, 'lng': -86.15947447010727}, 'southwest': {'lat': 39.95387002010727, 'lng': -86.16217412989272}}}",IU Health Sleep Disorders Center - Meridian Crossing,ChIJS1I44ZqtFIgRft1SH5lJdR4,0,0,"11590 N Meridian St Suite 300, Carmel",https://www.google.com/maps/place/?q=place_id:ChIJS1I44ZqtFIgRft1SH5lJdR4,39.7871165,-86.0752481,39.78799878,-86.07374837,39.78529912,-86.07644803,18057111009
33,OPERATIONAL,"{'location': {'lat': 39.7775204, 'lng': -86.18428639999999}, 'viewport': {'northeast': {'lat': 39.77884407989273, 'lng': -86.18258237010727}, 'southwest': {'lat': 39.77614442010728, 'lng': -86.18528202989272}}}",Sidney & Lois Eskenazi Hospital,ChIJLYlbezdXa4gRaQ1AsnpzuIo,3,379,"720 Eskenazi Ave, Indianapolis",https://www.google.com/maps/place/?q=place_id:ChIJLYlbezdXa4gRaQ1AsnpzuIo,39.7775204,-86.1842864,39.77884408,-86.18258237,39.77614442,-86.18528203,18097391001
34,OPERATIONAL,"{'location': {'lat': 39.77719889999999, 'lng': -86.1839172}, 'viewport': {'northeast': {'lat': 39.77928015000001, 'lng': -86.18251992010728}, 'southwest': {'lat': 39.77650514999998, 'lng': -86.18521957989272}}}",Eskenazi Health Center Primary Care - Adult Medicine,ChIJv6Q2tzRXa4gRHV0lINbnKoM,4.1,17,"720 Eskenazi Avenue Sandra Eskenazi Outpatient Care Center 2nd Floor, Indianapolis",https://www.google.com/maps/place/?q=place_id:ChIJv6Q2tzRXa4gRHV0lINbnKoM,39.7775204,-86.1842864,39.77884408,-86.18258237,39.77614442,-86.18528203,18097391001
35,OPERATIONAL,"{'location': {'lat': 39.9892561, 'lng': -85.91631919999999}, 'viewport': {'northeast': {'lat': 39.99050887989272, 'lng': -85.91501007010727}, 'southwest': {'lat': 39.98780922010728, 'lng': -85.91770972989272}}}",St. Vincent Sleep Disorders Center,ChIJ5x-Ee-u0FIgR94-fv3KmchE,0,0,"13914 Southeastern Pkwy, Fishers",https://www.google.com/maps/place/?q=place_id:ChIJ5x-Ee-u0FIgR94-fv3KmchE,39.7775204,-86.1842864,39.77884408,-86.18258237,39.77614442,-86.18528203,18057110814
36,OPERATIONAL,"{'location': {'lat': 39.9007929, 'lng': -86.04106949999999}, 'viewport': {'northeast': {'lat': 39.90209702989272, 'lng': -86.04029822010727}, 'southwest': {'lat': 39.89939737010728, 'lng': -86.04299787989271}}}",Community Hospital North,ChIJq7JuHcVMa4gRU5XBHfgF68s,3.4,243,"7150 Clearvista Dr, Indianapolis",https://www.google.com/maps/place/?q=place_id:ChIJq7JuHcVMa4gRU5XBHfgF68s,39.9007929,-86.0410695,39.90209703,-86.04029822,39.89939737,-86.04299788,18097330106
37,OPERATIONAL,"{'location': {'lat': 39.9853134, 'lng': -86.1127844}, 'viewport': {'northeast': {'lat': 39.98695187989271, 'lng': -86.11142307010728}, 'southwest': {'lat': 39.98425222010727, 'lng': -86.11412272989273}}}",Mc Giveney Health Care Center,ChIJkbhKz-mtFIgR95MhyQ-DEjU,5,3,"2907 E Smokey Row Rd, Carmel",https://www.google.com/maps/place/?q=place_id:ChIJkbhKz-mtFIgR95MhyQ-DEjU,39.9007929,-86.0410695,39.90209703,-86.04029822,39.89939737,-86.04299788,18057110907
38,OPERATIONAL,"{'location': {'lat': 39.959299, 'lng': -86.1597094}, 'viewport': {'northeast': {'lat': 39.96097667989272, 'lng': -86.15855722010727}, 'southwest': {'lat': 39.95827702010727, 'lng': -86.16125687989272}}}","Hasnaa E. Jalou, MD - IU Health Sleep Disorders Center",ChIJ6QNSOgqtFIgR_1L0RwqV_qA,0,0,"11725 N Illinois St Suite 485, Carmel",https://www.google.com/maps/place/?q=place_id:ChIJ6QNSOgqtFIgR_1L0RwqV_qA,39.9007929,-86.0410695,39.90209703,-86.04029822,39.89939737,-86.04299788,18057111009
39,OPERATIONAL,"{'location': {'lat': 39.9659471, 'lng': -86.1450397}, 'viewport': {'northeast': {'lat': 39.96737452989272, 'lng': -86.14358932010728}, 'southwest': {'lat': 39.96467487010728, 'lng': -86.14628897989273}}}",St Vincent Hospital & Health,ChIJMwScfVqsFIgR41JOfuxx1h8,2.3,3,"755 W Carmel Dr UNIT 105, Carmel",https://www.google.com/maps/place/?q=place_id:ChIJMwScfVqsFIgR41JOfuxx1h8,39.9659471,-86.1450397,39.96737453,-86.14358932,39.96467487,-86.14628898,18057111011
40,OPERATIONAL,"{'location': {'lat': 39.777937, 'lng': -86.1846149}, 'viewport': {'northeast': {'lat': 39.77961152989273, 'lng': -86.18286877010728}, 'southwest': {'lat': 39.77691187010728, 'lng': -86.18556842989271}}}",Sandra Eskenazi Center for Brain Care Innovation,ChIJNe_oEjdXa4gRAqnSrJ5t7co,1,1,"720 Eskenazi Ave, Indianapolis",https://www.google.com/maps/place/?q=place_id:ChIJNe_oEjdXa4gRAqnSrJ5t7co,39.9659471,-86.1450397,39.96737453,-86.14358932,39.96467487,-86.14628898,18097391001
41,OPERATIONAL,"{'location': {'lat': 39.900941, 'lng': -86.04093}, 'viewport': {'northeast': {'lat': 39.90182897989272, 'lng': -86.03983417010728}, 'southwest': {'lat': 39.89912932010728, 'lng': -86.04253382989273}}}",Pediatric Sleep Center - North,ChIJracZK-FNa4gR1g6AUgjMBV4,0,0,"7150 Clearvista Dr, Indianapolis",https://www.google.com/maps/place/?q=place_id:ChIJracZK-FNa4gR1g6AUgjMBV4,39.9659471,-86.1450397,39.96737453,-86.14358932,39.96467487,-86.14628898,18097330106
42,OPERATIONAL,"{'location': {'lat': 39.9315131, 'lng': -86.1539152}, 'viewport': {'northeast': {'lat': 39.93299902989271, 'lng': -86.15264297010728}, 'southwest': {'lat': 39.93029937010727, 'lng': -86.15534262989273}}}",Indiana University Health,ChIJrf70J7SsFIgR2bcCvXJqWEA,4.5,2,"201 Pennsylvania Pkwy, Indianapolis",https://www.google.com/maps/place/?q=place_id:ChIJrf70J7SsFIgR2bcCvXJqWEA,39.9315131,-86.1539152,39.93299903,-86.15264297,39.93029937,-86.15534263,18097357900
43,OPERATIONAL,"{'location': {'lat': 39.7898949, 'lng': -86.072872}, 'viewport': {'northeast': {'lat': 39.79124752989272, 'lng': -86.07138637010728}, 'southwest': {'lat': 39.78854787010727, 'lng': -86.07408602989273}}}",Womans Childrens Care Center,ChIJSYUJfspPa4gR_NVNb1isPdk,0,0,"5502 E 16th St # A12, Indianapolis",https://www.google.com/maps/place/?q=place_id:ChIJSYUJfspPa4gR_NVNb1isPdk,39.9315131,-86.1539152,39.93299903,-86.15264297,39.93029937,-86.15534263,18097360900
44,OPERATIONAL,"{'location': {'lat': 39.7773533, 'lng': -86.1635119}, 'viewport': {'northeast': {'lat': 39.77909397989272, 'lng': -86.16211422010728}, 'southwest': {'lat': 39.77639432010728, 'lng': -86.16481387989272}}}","Yuzhu Tang, MD - IU Health Physicians Sleep Medicine",ChIJE-VBNkBRa4gROzj--8o0fWg,2.3,3,"714 N Senate Ave Suite 120, Indianapolis",https://www.google.com/maps/place/?q=place_id:ChIJE-VBNkBRa4gROzj--8o0fWg,39.9315131,-86.1539152,39.93299903,-86.15264297,39.93029937,-86.15534263,18097391002
45,OPERATIONAL,"{'location': {'lat': 39.9017681, 'lng': -86.06050359999999}, 'viewport': {'northeast': {'lat': 39.90340322989272, 'lng': -86.05916942010728}, 'southwest': {'lat': 39.90070357010728, 'lng': -86.06186907989273}}}",Kindred Hospital Indianapolis North,ChIJk1AOryVNa4gRyjXKdG2dr6M,4.7,584,"8060 Knue Rd, Indianapolis",https://www.google.com/maps/place/?q=place_id:ChIJk1AOryVNa4gRyjXKdG2dr6M,39.9017681,-86.0605036,39.90340323,-86.05916942,39.90070357,-86.06186908,18097330105
46,OPERATIONAL,"{'location': {'lat': 39.780183, 'lng': -85.90449699999999}, 'viewport': {'northeast': {'lat': 39.78096717989272, 'lng': -85.90310142010728}, 'southwest': {'lat': 39.77826752010728, 'lng': -85.90580107989273}}}",Sugar Creek Convalescent Center,ChIJmdWXUbE3a4gRAx4Hed6MLgk,5,1,"5430 W US Hwy 40, Greenfield",https://www.google.com/maps/place/?q=place_id:ChIJmdWXUbE3a4gRAx4Hed6MLgk,39.9017681,-86.0605036,39.90340323,-86.05916942,39.90070357,-86.06186908,18059410801
47,OPERATIONAL,"{'location': {'lat': 39.779959, 'lng': -86.3401688}, 'viewport': {'northeast': {'lat': 39.78155902989273, 'lng': -86.33854142010729}, 'southwest': {'lat': 39.77885937010728, 'lng': -86.34124107989273}}}",IU Health Sleep Disorders Center - IU Health West Hospital,ChIJkd4SZpivbIgRp5I2YbYPID0,5,1,"1111 Ronald Reagan Pkwy Suite 305, Avon",https://www.google.com/maps/place/?q=place_id:ChIJkd4SZpivbIgRp5I2YbYPID0,39.9017681,-86.0605036,39.90340323,-86.05916942,39.90070357,-86.06186908,18063210616
48,OPERATIONAL,"{'location': {'lat': 39.8441885, 'lng': -86.3576225}, 'viewport': {'northeast': {'lat': 39.84562532989271, 'lng': -86.35639197010727}, 'southwest': {'lat': 39.84292567010727, 'lng': -86.35909162989272}}}",Hendricks Regional Health Brownsburg Hospital,ChIJGV0elB-sbIgRyXJ4e9kVcNk,3.6,38,"5492 Ronald Reagan Pkwy, Brownsburg",https://www.google.com/maps/place/?q=place_id:ChIJGV0elB-sbIgRyXJ4e9kVcNk,39.8441885,-86.3576225,39.84562533,-86.35639197,39.84292567,-86.35909163,18063210108
49,OPERATIONAL,"{'location': {'lat': 39.7645036, 'lng': -86.3772328}, 'viewport': {'northeast': {'lat': 39.76581217989273, 'lng': -86.37593642010728}, 'southwest': {'lat': 39.76311252010728, 'lng': -86.37863607989271}}}",Immediate Care Center: Hendricks Regional Health - Avon,ChIJ9_cNUP65bIgRT3uTZiA2v_k,3.5,49,"8244 E US Hwy 36 # 1100, Avon",https://www.google.com/maps/place/?q=place_id:ChIJ9_cNUP65bIgRT3uTZiA2v_k,39.8441885,-86.3576225,39.84562533,-86.35639197,39.84292567,-86.35909163,18063210609
50,OPERATIONAL,"{'location': {'lat': 39.9862768, 'lng': -85.9318121}, 'viewport': {'northeast': {'lat': 39.98762662989272, 'lng': -85.93046227010727}, 'southwest': {'lat': 39.98492697010727, 'lng': -85.93316192989272}}}",IU Health Sleep Disorders Center - IU Health Saxony Hospital Medical Offices,ChIJH1ADnETLFIgRXdg3NfmWpFA,0,0,"13100 E 136th St Suite 3200, Fishers",https://www.google.com/maps/place/?q=place_id:ChIJH1ADnETLFIgRXdg3NfmWpFA,39.8441885,-86.3576225,39.84562533,-86.35639197,39.84292567,-86.35909163,18057110815
51,OPERATIONAL,"{'location': {'lat': 39.7868751, 'lng': -86.0749639}, 'viewport': {'northeast': {'lat': 39.78816527989272, 'lng': -86.07360657010727}, 'southwest': {'lat': 39.78546562010727, 'lng': -86.07630622989272}}}",Community Hospital East,ChIJmXgvLMpPa4gRwxcwsDPmUSY,2.8,256,"1500 N Ritter Ave, Indianapolis",https://www.google.com/maps/place/?q=place_id:ChIJmXgvLMpPa4gRwxcwsDPmUSY,39.7868751,-86.0749639,39.78816528,-86.07360657,39.78546562,-86.07630623,18097360900
52,OPERATIONAL,"{'location': {'lat': 39.7954166, 'lng': -86.04730289999999}, 'viewport': {'northeast': {'lat': 39.79662317989272, 'lng': -86.04571207010727}, 'southwest': {'lat': 39.79392352010728, 'lng': -86.04841172989272}}}",Pediatric Care Center,ChIJ2UH5e_xOa4gROHFR9wSuBTE,0,0,"2040 Shadeland Ave # 300, Indianapolis",https://www.google.com/maps/place/?q=place_id:ChIJ2UH5e_xOa4gROHFR9wSuBTE,39.7868751,-86.0749639,39.78816528,-86.07360657,39.78546562,-86.07630623,18097360800
53,OPERATIONAL,"{'location': {'lat': 39.9862869, 'lng': -85.9298158}, 'viewport': {'northeast': {'lat': 39.98798122989272, 'lng': -85.92799827010728}, 'southwest': {'lat': 39.98528157010728, 'lng': -85.93069792989272}}}",IU Health Physicians Sleep Medicine - IU Health Saxony Hospital,ChIJpysS1eDLFIgRTBXP4NPM_zY,0,0,"13000 East 136th Street Suite 3600, Fishers",https://www.google.com/maps/place/?q=place_id:ChIJpysS1eDLFIgRTBXP4NPM_zY,39.7868751,-86.0749639,39.78816528,-86.07360657,39.78546562,-86.07630623,18097360900
54,OPERATIONAL,"{'location': {'lat': 39.7814403, 'lng': -86.1914064}, 'viewport': {'northeast': {'lat': 39.78279027989272, 'lng': -86.18980592010728}, 'southwest': {'lat': 39.78009062010727, 'lng': -86.19250557989271}}}",Kinderd Care Hospital,ChIJ74PrJbxQa4gRN1Ahj3m82Zw,2,1,"1700 W 10th St, Indianapolis",https://www.google.com/maps/place/?q=place_id:ChIJ74PrJbxQa4gRN1Ahj3m82Zw,39.7814403,-86.1914064,39.78279028,-86.18980592,39.78009062,-86.19250558,18097352700
55,CLOSED_TEMPORARILY,"{'location': {'lat': 39.691202, 'lng': -86.37217199999999}, 'viewport': {'northeast': {'lat': 39.69272257989272, 'lng': -86.37115672010728}, 'southwest': {'lat': 39.69002292010727, 'lng': -86.37385637989273}}}",Hendricks Regional Health Immediate Care Center,ChIJ8c6bYGSkbIgRb4iiUwq5vbY,3.7,23,"1100 Southfield Dr #1140, Plainfield",https://www.google.com/maps/place/?q=place_id:ChIJ8c6bYGSkbIgRb4iiUwq5vbY,39.7814403,-86.1914064,39.78279028,-86.18980592,39.78009062,-86.19250558,18097353600
56,OPERATIONAL,"{'location': {'lat': 39.9061787, 'lng': -86.199096}, 'viewport': {'northeast': {'lat': 39.90751797989272, 'lng': -86.19791072010727}, 'southwest': {'lat': 39.90481832010728, 'lng': -86.20061037989272}}}",Peyton Manning Children's Hospital Pediatric Sleep Medicine,ChIJiSnEGoJVa4gREsTHKMpk9Bs,0,0,"8220 Naab Rd #101, Indianapolis",https://www.google.com/maps/place/?q=place_id:ChIJiSnEGoJVa4gREsTHKMpk9Bs,39.7814403,-86.1914064,39.78279028,-86.18980592,39.78009062,-86.19250558,18097320108
57,OPERATIONAL,"{'location': {'lat': 39.9098691, 'lng': -86.1964087}, 'viewport': {'northeast': {'lat': 39.91132137989273, 'lng': -86.19545837010726}, 'southwest': {'lat': 39.90862172010728, 'lng': -86.19815802989271}}}",Fresenius Medical Care at St Vincent Hospital And Health Care,ChIJc0lA38dUa4gR_axxhvqdQck,2,2,"2001 W 86th St, Indianapolis",https://www.google.com/maps/place/?q=place_id:ChIJc0lA38dUa4gR_axxhvqdQck,39.9098691,-86.1964087,39.91132138,-86.19545837,39.90862172,-86.19815803,18097320108
58,OPERATIONAL,"{'location': {'lat': 39.89563769999999, 'lng': -86.0308228}, 'viewport': {'northeast': {'lat': 39.89702377989272, 'lng': -86.02947377010727}, 'southwest': {'lat': 39.89432412010728, 'lng': -86.03217342989271}}}",Patient Fusion Health Care Center,ChIJW0S0Cb9Ma4gRrl4x3OuFxv4,0,0,"200 Medical Drive, Castleton",https://www.google.com/maps/place/?q=place_id:ChIJW0S0Cb9Ma4gRrl4x3OuFxv4,39.9098691,-86.1964087,39.91132138,-86.19545837,39.90862172,-86.19815803,18097320108
59,OPERATIONAL,"{'location': {'lat': 39.95937259999999, 'lng': -86.15993139999999}, 'viewport': {'northeast': {'lat': 39.96101347989271, 'lng': -86.15866822010727}, 'southwest': {'lat': 39.95831382010727, 'lng': -86.16136787989271}}}","Karl L. Yang, MD - IU Health Physicians Pulmonary, Critical Care & Sleep Medicine",ChIJbabSC--tFIgRjFW-Dmg3P0E,1,1,"11725 N Illinois St Suite 465, Carmel",https://www.google.com/maps/place/?q=place_id:ChIJbabSC--tFIgRjFW-Dmg3P0E,39.9098691,-86.1964087,39.91132138,-86.19545837,39.90862172,-86.19815803,18057111009
60,OPERATIONAL,"{'location': {'lat': 39.7763436, 'lng': -86.1768693}, 'viewport': {'northeast': {'lat': 39.77767202989273, 'lng': -86.17551402010729}, 'southwest': {'lat': 39.77497237010729, 'lng': -86.17821367989272}}}",IU Health University Hospital Ambulance Bay,ChIJ4amEx-dXa4gRAJ_l5HxgsSA,5,1,"Hadley Dr, Indianapolis",https://www.google.com/maps/place/?q=place_id:ChIJ4amEx-dXa4gRAJ_l5HxgsSA,39.7763436,-86.1768693,39.77767203,-86.17551402,39.77497237,-86.17821368,18097391001
61,OPERATIONAL,"{'location': {'lat': 39.9032958, 'lng': -86.0385931}, 'viewport': {'northeast': {'lat': 39.90461707989272, 'lng': -86.03720807010728}, 'southwest': {'lat': 39.90191742010727, 'lng': -86.03990772989273}}}",Surgical Care Center,ChIJNUlI98VMa4gRkJnGAEJBYD4,5,1,"8103 Clearvista Pkwy # 240, Indianapolis",https://www.google.com/maps/place/?q=place_id:ChIJNUlI98VMa4gRkJnGAEJBYD4,39.7763436,-86.1768693,39.77767203,-86.17551402,39.77497237,-86.17821368,18097330106
62,OPERATIONAL,"{'location': {'lat': 39.7805073, 'lng': -86.3404698}, 'viewport': {'northeast': {'lat': 39.78184032989272, 'lng': -86.33877377010728}, 'southwest': {'lat': 39.77914067010727, 'lng': -86.34147342989273}}}",IU Health Sleep Apnea Education Center - IU Health West Hospital Offices,ChIJacnQFAuvbIgRMMubdFsjgtA,5,1,"1115 Ronald Reagan Pkwy Suite 371, Avon",https://www.google.com/maps/place/?q=place_id:ChIJacnQFAuvbIgRMMubdFsjgtA,39.7763436,-86.1768693,39.77767203,-86.17551402,39.77497237,-86.17821368,18063210616
63,OPERATIONAL,"{'location': {'lat': 39.8440061, 'lng': -86.3577597}, 'viewport': {'northeast': {'lat': 39.84551702989273, 'lng': -86.35651837010728}, 'southwest': {'lat': 39.84281737010728, 'lng': -86.35921802989272}}}",Hendricks Hospital,ChIJzfK-8SGsbIgRYyKin-TJr5s,1,2,Brownsburg,https://www.google.com/maps/place/?q=place_id:ChIJzfK-8SGsbIgRYyKin-TJr5s,39.8440061,-86.3577597,39.84551703,-86.35651837,39.84281737,-86.35921803,18063210108
64,OPERATIONAL,"{'location': {'lat': 40.132491, 'lng': -86.017382}, 'viewport': {'northeast': {'lat': 40.13370152989273, 'lng': -86.01602692010728}, 'southwest': {'lat': 40.13100187010728, 'lng': -86.01872657989271}}}",Hope Family Care Center,ChIJmc_54tu7FIgRuo-uWKtfkcM,5,4,"270 W Jackson St, Cicero",https://www.google.com/maps/place/?q=place_id:ChIJmc_54tu7FIgRuo-uWKtfkcM,39.8440061,-86.3577597,39.84551703,-86.35651837,39.84281737,-86.35921803,18057110202
65,OPERATIONAL,"{'location': {'lat': 39.95937259999999, 'lng': -86.16005810000001}, 'viewport': {'northeast': {'lat': 39.96101347989271, 'lng': -86.15870857010728}, 'southwest': {'lat': 39.95831382010727, 'lng': -86.16140822989273}}}",Riley Pediatric Sleep Medicine - IU Health North Hospital Medical Office Building,ChIJbf8R3LGtFIgREIhExXAjGAA,0,0,"11725 N Illinois St Suite 450, Carmel",https://www.google.com/maps/place/?q=place_id:ChIJbf8R3LGtFIgREIhExXAjGAA,39.8440061,-86.3577597,39.84551703,-86.35651837,39.84281737,-86.35921803,18057111009
66,OPERATIONAL,"{'location': {'lat': 39.9596046, 'lng': -86.15940789999999}, 'viewport': {'northeast': {'lat': 39.96066827989272, 'lng': -86.15866147010726}, 'southwest': {'lat': 39.95796862010728, 'lng': -86.16136112989271}}}",IU Health North Hospital,ChIJD6bEAWKsFIgR9osJP_JPRwc,3.5,204,"11700 N Meridian St, Carmel",https://www.google.com/maps/place/?q=place_id:ChIJD6bEAWKsFIgR9osJP_JPRwc,39.9596046,-86.1594079,39.96066828,-86.15866147,39.95796862,-86.16136113,18057111009
67,OPERATIONAL,"{'location': {'lat': 39.9219, 'lng': -86.1587366}, 'viewport': {'northeast': {'lat': 39.92324912989272, 'lng': -86.15753412010727}, 'southwest': {'lat': 39.92054947010728, 'lng': -86.16023377989272}}}",Surgical Care Center,ChIJQQerS_OtFIgRBoY5pSkl0Us,0,0,"9202 N Meridian St Suite 150, Indianapolis",https://www.google.com/maps/place/?q=place_id:ChIJQQerS_OtFIgRBoY5pSkl0Us,39.9596046,-86.1594079,39.96066828,-86.15866147,39.95796862,-86.16136113,18097320107
68,OPERATIONAL,"{'location': {'lat': 39.9088897, 'lng': -86.1947631}, 'viewport': {'northeast': {'lat': 39.91000037989272, 'lng': -86.19331297010729}, 'southwest': {'lat': 39.90730072010728, 'lng': -86.19601262989272}}}",Peyton Manning Children's Hospital at Ascension St. Vincent - Pediatric Lung Care and Sleep Medicine,ChIJw-jnHbhUa4gRc4XhmK8gcu8,0,0,"8402 Harcourt Rd #731, Indianapolis",https://www.google.com/maps/place/?q=place_id:ChIJw-jnHbhUa4gRc4XhmK8gcu8,39.9596046,-86.1594079,39.96066828,-86.15866147,39.95796862,-86.16136113,18097320108
69,OPERATIONAL,"{'location': {'lat': 39.8776691, 'lng': -86.12103049999999}, 'viewport': {'northeast': {'lat': 39.87901872989273, 'lng': -86.11976192010728}, 'southwest': {'lat': 39.87631907010728, 'lng': -86.12246157989271}}}",Indiana University Medical Hospital,ChIJn0B_-O9Ta4gRx4MC51qGdPU,0,0,"6613 Gateshead Ln, Indianapolis",https://www.google.com/maps/place/?q=place_id:ChIJn0B_-O9Ta4gRx4MC51qGdPU,39.8776691,-86.1210305,39.87901873,-86.11976192,39.87631907,-86.12246158,18097320500
70,OPERATIONAL,"{'location': {'lat': 39.9564713, 'lng': -85.9962211}, 'viewport': {'northeast': {'lat': 39.95784482989272, 'lng': -85.99506377010728}, 'southwest': {'lat': 39.95514517010727, 'lng': -85.99776342989271}}}",St.Vincent Immediate Care Center - Fishers,ChIJqcYKF2G0FIgRCsbjZdbA_bw,2.5,77,"9795 E 116th St, Fishers",https://www.google.com/maps/place/?q=place_id:ChIJqcYKF2G0FIgRCsbjZdbA_bw,39.8776691,-86.1210305,39.87901873,-86.11976192,39.87631907,-86.12246158,18097320500
71,OPERATIONAL,"{'location': {'lat': 39.9004531, 'lng': -86.0399446}, 'viewport': {'northeast': {'lat': 39.90171927989272, 'lng': -86.03861637010728}, 'southwest': {'lat': 39.89901962010728, 'lng': -86.04131602989271}}}",Community Sleep Specialists,ChIJm3mzWsRMa4gRHk05elq_gXo,3.7,3,"7250 Clearvista Dr #380, Indianapolis",https://www.google.com/maps/place/?q=place_id:ChIJm3mzWsRMa4gRHk05elq_gXo,39.8776691,-86.1210305,39.87901873,-86.11976192,39.87631907,-86.12246158,18097330106
72,OPERATIONAL,"{'location': {'lat': 40.043512, 'lng': -86.134076}, 'viewport': {'northeast': {'lat': 40.04484192989272, 'lng': -86.13252602010728}, 'southwest': {'lat': 40.04214227010728, 'lng': -86.13522567989271}}}",Riverview Health Westfield Hospital,ChIJ9xNecaqvFIgRoltsy_gy9HA,3.4,43,"17600 Shamrock Blvd, Westfield",https://www.google.com/maps/place/?q=place_id:ChIJ9xNecaqvFIgRoltsy_gy9HA,40.043512,-86.134076,40.04484193,-86.13252602,40.04214227,-86.13522568,18057110401
73,OPERATIONAL,"{'location': {'lat': 39.78936960000001, 'lng': -86.1606304}, 'viewport': {'northeast': {'lat': 39.79071722989271, 'lng': -86.15968887010727}, 'southwest': {'lat': 39.78801757010727, 'lng': -86.16238852989271}}}",Pediatric & Adolescent Care,ChIJGe-M4ttQa4gR7eJAS4jdQeE,3.2,15,"1633 N Capitol Ave # 236, Indianapolis",https://www.google.com/maps/place/?q=place_id:ChIJGe-M4ttQa4gR7eJAS4jdQeE,40.043512,-86.134076,40.04484193,-86.13252602,40.04214227,-86.13522568,18097353300
74,OPERATIONAL,"{'location': {'lat': 39.95937259999999, 'lng': -86.15993139999999}, 'viewport': {'northeast': {'lat': 39.96101347989271, 'lng': -86.15866822010727}, 'southwest': {'lat': 39.95831382010727, 'lng': -86.16136787989271}}}","William L. Harvey, MD - IU Health Physicians Pulmonary, Critical Care & Sleep Medicine",ChIJV_-QgGKsFIgRCTZastKbUlE,3,2,"11725 N Illinois St Suite 465, Carmel",https://www.google.com/maps/place/?q=place_id:ChIJV_-QgGKsFIgRCTZastKbUlE,40.043512,-86.134076,40.04484193,-86.13252602,40.04214227,-86.13522568,18057111009
75,OPERATIONAL,"{'location': {'lat': 39.900377, 'lng': -86.0410565}, 'viewport': {'northeast': {'lat': 39.90152782989272, 'lng': -86.03990222010727}, 'southwest': {'lat': 39.89882817010727, 'lng': -86.04260187989271}}}",Community Hospital North - ER,ChIJozYg48RMa4gRZeTli6gfH6c,3,40,"7250 Clearvista Dr, Indianapolis",https://www.google.com/maps/place/?q=place_id:ChIJozYg48RMa4gRZeTli6gfH6c,39.900377,-86.0410565,39.90152783,-86.03990222,39.89882817,-86.04260188,18097330106
76,OPERATIONAL,"{'location': {'lat': 39.8922523, 'lng': -86.05779629999999}, 'viewport': {'northeast': {'lat': 39.89343637989272, 'lng': -86.05661477010729}, 'southwest': {'lat': 39.89073672010728, 'lng': -86.05931442989272}}}","A1c Care Center, Inc.",ChIJVVUV1shSa4gRM5RbwyJSF40,3,10,"6330 E 75th St suite 148, Indianapolis",https://www.google.com/maps/place/?q=place_id:ChIJVVUV1shSa4gRM5RbwyJSF40,39.900377,-86.0410565,39.90152783,-86.03990222,39.89882817,-86.04260188,18097330106
77,OPERATIONAL,"{'location': {'lat': 39.7773533, 'lng': -86.1635119}, 'viewport': {'northeast': {'lat': 39.77909397989272, 'lng': -86.16211422010728}, 'southwest': {'lat': 39.77639432010728, 'lng': -86.16481387989272}}}","Shalini K. Manchanda, MD - IU Health Physicians Sleep Medicine",ChIJjXFvj4RRa4gRMYQPggAFxk4,5,1,"714 N Senate Ave Suite 120, Indianapolis",https://www.google.com/maps/place/?q=place_id:ChIJjXFvj4RRa4gRMYQPggAFxk4,39.900377,-86.0410565,39.90152783,-86.03990222,39.89882817,-86.04260188,18097391002
78,OPERATIONAL,"{'location': {'lat': 39.7694226, 'lng': -86.15399210000001}, 'viewport': {'northeast': {'lat': 39.77077682989272, 'lng': -86.15283407010729}, 'southwest': {'lat': 39.76807717010727, 'lng': -86.15553372989272}}}",VA Hospital,ChIJaVltqE5Ra4gR2nbhd7armns,5,1,"Market Square Center, 151 N Delaware St, Indianapolis",https://www.google.com/maps/place/?q=place_id:ChIJaVltqE5Ra4gR2nbhd7armns,39.7694226,-86.1539921,39.77077683,-86.15283407,39.76807717,-86.15553373,18097354201
79,OPERATIONAL,"{'location': {'lat': 39.9130526, 'lng': -86.14254919999999}, 'viewport': {'northeast': {'lat': 39.91433177989273, 'lng': -86.14099402010729}, 'southwest': {'lat': 39.91163212010728, 'lng': -86.14369367989273}}}",Indiana Immediate Care,ChIJkyYTzy1Ta4gRDRy4rWsMHBQ,4.7,472,"860 E 86th St, Indianapolis",https://www.google.com/maps/place/?q=place_id:ChIJkyYTzy1Ta4gRDRy4rWsMHBQ,39.7694226,-86.1539921,39.77077683,-86.15283407,39.76807717,-86.15553373,18097320206
80,OPERATIONAL,"{'location': {'lat': 39.7805073, 'lng': -86.3404698}, 'viewport': {'northeast': {'lat': 39.78184032989272, 'lng': -86.33877377010728}, 'southwest': {'lat': 39.77914067010727, 'lng': -86.34147342989273}}}","IU Health Pulmonary, Critical Care & Sleep Medicine - IU Health West Hospital Offices",ChIJiVg4OVSvbIgRtoFK-uaDMmY,0,0,"1115 Ronald Reagan Pkwy Suite 171, Avon",https://www.google.com/maps/place/?q=place_id:ChIJiVg4OVSvbIgRtoFK-uaDMmY,39.7694226,-86.1539921,39.77077683,-86.15283407,39.76807717,-86.15553373,18063210616
81,OPERATIONAL,"{'location': {'lat': 39.82660509999999, 'lng': -86.117246}, 'viewport': {'northeast': {'lat': 39.82792512989272, 'lng': -86.11576837010728}, 'southwest': {'lat': 39.82522547010728, 'lng': -86.11846802989272}}}",The Health & Hospital Corporation of Marion County,ChIJDWsCt_JRa4gRg45VPv5q4pM,2.6,5,"3838 N Rural St, Indianapolis",https://www.google.com/maps/place/?q=place_id:ChIJDWsCt_JRa4gRg45VPv5q4pM,39.8266051,-86.117246,39.82792513,-86.11576837,39.82522547,-86.11846803,18097322601
82,OPERATIONAL,"{'location': {'lat': 39.736579, 'lng': -86.138525}, 'viewport': {'northeast': {'lat': 39.73801052989272, 'lng': -86.1371754201073}, 'southwest': {'lat': 39.73531087010728, 'lng': -86.13987507989273}}}",Independent Adult Day Care Centers,ChIJmZ44Q2Faa4gRlC6k2aEDpcU,4,6,"2225 Shelby St, Indianapolis",https://www.google.com/maps/place/?q=place_id:ChIJmZ44Q2Faa4gRlC6k2aEDpcU,39.8266051,-86.117246,39.82792513,-86.11576837,39.82522547,-86.11846803,18097357800
83,OPERATIONAL,"{'location': {'lat': 39.7756075, 'lng': -86.1761174}, 'viewport': {'northeast': {'lat': 39.77691697989273, 'lng': -86.17445987010727}, 'southwest': {'lat': 39.77421732010728, 'lng': -86.17715952989272}}}","Cynthia D. Brown, MD - IU Health Physicians Pulmonary & Critical Care Medicine",ChIJ8fKdf6dXa4gRFuwpi4HLjlc,4,1,"550 University Blvd Suite 2180, Indianapolis",https://www.google.com/maps/place/?q=place_id:ChIJ8fKdf6dXa4gRFuwpi4HLjlc,39.8266051,-86.117246,39.82792513,-86.11576837,39.82522547,-86.11846803,18097391001
84,OPERATIONAL,"{'location': {'lat': 39.779959, 'lng': -86.3401688}, 'viewport': {'northeast': {'lat': 39.78442314999999, 'lng': -86.33214489999999}, 'southwest': {'lat': 39.77648175, 'lng': -86.3473857}}}",IU Health West Hospital,ChIJT0rjcDWvbIgRCfJhA3WD1yc,2.8,274,"1111 Ronald Reagan Pkwy, Avon",https://www.google.com/maps/place/?q=place_id:ChIJT0rjcDWvbIgRCfJhA3WD1yc,39.779959,-86.3401688,39.78442315,-86.3321449,39.77648175,-86.3473857,18063210616
85,OPERATIONAL,"{'location': {'lat': 39.9074608, 'lng': -86.1994119}, 'viewport': {'northeast': {'lat': 39.90878107989271, 'lng': -86.19805382010728}, 'southwest': {'lat': 39.90608142010727, 'lng': -86.20075347989273}}}",Neurological Care Center In,ChIJGb1fP8ZUa4gRJGNf-0U2fIU,0,0,"8330 Naab Rd # 102, Indianapolis",https://www.google.com/maps/place/?q=place_id:ChIJGb1fP8ZUa4gRJGNf-0U2fIU,39.779959,-86.3401688,39.78442315,-86.3321449,39.77648175,-86.3473857,18097320108
86,OPERATIONAL,"{'location': {'lat': 39.7758842, 'lng': -86.1808231}, 'viewport': {'northeast': {'lat': 39.77739032989272, 'lng': -86.17968122010728}, 'southwest': {'lat': 39.77469067010728, 'lng': -86.18238087989272}}}","Stephanie J. Jackson, MD - Riley Allergy & Asthma",ChIJpwIzXABXa4gRSkt2VEjxFyE,0,0,"575 Riley Hospital Dr Suite 4270, Indianapolis",https://www.google.com/maps/place/?q=place_id:ChIJpwIzXABXa4gRSkt2VEjxFyE,39.779959,-86.3401688,39.78442315,-86.3321449,39.77648175,-86.3473857,18097391001
87,OPERATIONAL,"{'location': {'lat': 39.90175420000001, 'lng': -86.2042578}, 'viewport': {'northeast': {'lat': 39.90304097989272, 'lng': -86.20259272010728}, 'southwest': {'lat': 39.90034132010728, 'lng': -86.20529237989273}}}",Ascension St. Vincent Seton Specialty Long-Term Acute Care Hospital,ChIJHys7J8NUa4gRaT_5f_YK9to,0,0,"Hideaway S Dr, Indianapolis",https://www.google.com/maps/place/?q=place_id:ChIJHys7J8NUa4gRaT_5f_YK9to,39.9017542,-86.2042578,39.90304098,-86.20259272,39.90034132,-86.20529238,18097310106
88,OPERATIONAL,"{'location': {'lat': 39.9263432, 'lng': -86.11695999999999}, 'viewport': {'northeast': {'lat': 39.92781982989273, 'lng': -86.11578747010728}, 'southwest': {'lat': 39.92512017010728, 'lng': -86.11848712989271}}}",SarahCare of Indianapolis,ChIJN2xVeDetFIgRwdjql8Nxs3c,4.5,8,"2805 E 96th St, Indianapolis",https://www.google.com/maps/place/?q=place_id:ChIJN2xVeDetFIgRwdjql8Nxs3c,39.9017542,-86.2042578,39.90304098,-86.20259272,39.90034132,-86.20529238,18097320203
89,CLOSED_TEMPORARILY,"{'location': {'lat': 39.7773098, 'lng': -86.1635001}, 'viewport': {'northeast': {'lat': 39.77907222989272, 'lng': -86.16210832010728}, 'southwest': {'lat': 39.77637257010728, 'lng': -86.16480797989273}}}",IU Health Radiology - Indianapolis Sleep Center,ChIJV9n4_8RRa4gRqpBdLLH6Cx0,0,0,"714 N Senate Ave Suite 100, Indianapolis",https://www.google.com/maps/place/?q=place_id:ChIJV9n4_8RRa4gRqpBdLLH6Cx0,39.9017542,-86.2042578,39.90304098,-86.20259272,39.90034132,-86.20529238,18097391002
90,OPERATIONAL,"{'location': {'lat': 40.0456899, 'lng': -86.0243137}, 'viewport': {'northeast': {'lat': 40.04699482989272, 'lng': -86.02303147010727}, 'southwest': {'lat': 40.04429517010728, 'lng': -86.02573112989272}}}",Riverview Health,ChIJb2j9ttqwFIgRKwvTz1K_RuE,2.4,51,"395 Westfield Rd, Noblesville",https://www.google.com/maps/place/?q=place_id:ChIJb2j9ttqwFIgRKwvTz1K_RuE,40.0456899,-86.0243137,40.04699483,-86.02303147,40.04429517,-86.02573113,18057110518
91,OPERATIONAL,"{'location': {'lat': 39.7955969, 'lng': -86.0425538}, 'viewport': {'northeast': {'lat': 39.79674847989272, 'lng': -86.04118412010727}, 'southwest': {'lat': 39.79404882010728, 'lng': -86.04388377989272}}}",Golden Living Center,ChIJC9BLVONOa4gRyYuI47R2M5Y,2.8,28,"7145 East 21st St, Indianapolis",https://www.google.com/maps/place/?q=place_id:ChIJC9BLVONOa4gRyYuI47R2M5Y,40.0456899,-86.0243137,40.04699483,-86.02303147,40.04429517,-86.02573113,18097360602
92,OPERATIONAL,"{'location': {'lat': 39.7619512, 'lng': -86.5018655}, 'viewport': {'northeast': {'lat': 39.76360372989272, 'lng': -86.50101502010727}, 'southwest': {'lat': 39.76090407010727, 'lng': -86.50371467989271}}}",Hendricks Pulmonary & Sleep Medicine,ChIJIUCbRf65bIgRRcymq4UbY24,0,0,"112 Hospital Ln Building 2, #303, Danville",https://www.google.com/maps/place/?q=place_id:ChIJIUCbRf65bIgRRcymq4UbY24,40.0456899,-86.0243137,40.04699483,-86.02303147,40.04429517,-86.02573113,18063210501
93,OPERATIONAL,"{'location': {'lat': 39.9020172, 'lng': -86.0442765}, 'viewport': {'northeast': {'lat': 39.90299377989272, 'lng': -86.04303837010727}, 'southwest': {'lat': 39.90029412010727, 'lng': -86.04573802989272}}}",Community Heart and Vascular Hospital - ER,ChIJjy6-79pMa4gRlx75e0_55sc,4.3,4,"8075 Shadeland Ave, Indianapolis",https://www.google.com/maps/place/?q=place_id:ChIJjy6-79pMa4gRlx75e0_55sc,39.9020172,-86.0442765,39.90299378,-86.04303837,39.90029412,-86.04573803,18097330106
94,OPERATIONAL,"{'location': {'lat': 39.736579, 'lng': -86.138525}, 'viewport': {'northeast': {'lat': 39.73801052989272, 'lng': -86.1371754201073}, 'southwest': {'lat': 39.73531087010728, 'lng': -86.13987507989273}}}",Independent Adult Day Care Centers - Downtown/South,ChIJu2rsjHNba4gRNWVc6eLgI6o,4,11,"2225 Shelby St, Indianapolis",https://www.google.com/maps/place/?q=place_id:ChIJu2rsjHNba4gRNWVc6eLgI6o,39.9020172,-86.0442765,39.90299378,-86.04303837,39.90029412,-86.04573803,18097357800
95,OPERATIONAL,"{'location': {'lat': 40.0772065, 'lng': -86.47297809999999}, 'viewport': {'northeast': {'lat': 40.07856767989272, 'lng': -86.47143772010728}, 'southwest': {'lat': 40.07586802010728, 'lng': -86.47413737989271}}}",Witham Sleep Disorders Center,ChIJz4pTlm5PE4gRz4T2dgMAuwU,5,1,"2605 N Lebanon St, Lebanon",https://www.google.com/maps/place/?q=place_id:ChIJz4pTlm5PE4gRz4T2dgMAuwU,39.9020172,-86.0442765,39.90299378,-86.04303837,39.90029412,-86.04573803,18097330106
96,OPERATIONAL,"{'location': {'lat': 39.7769389, 'lng': -86.16689149999999}, 'viewport': {'northeast': {'lat': 39.77828077989271, 'lng': -86.16558132010728}, 'southwest': {'lat': 39.77558112010727, 'lng': -86.16828097989271}}}",Riley Mother Baby Hospital,ChIJLUWD98hQa4gR3UCZoCQQmZw,0,0,"699 N West St, Indianapolis",https://www.google.com/maps/place/?q=place_id:ChIJLUWD98hQa4gR3UCZoCQQmZw,39.7769389,-86.1668915,39.77828078,-86.16558132,39.77558112,-86.16828098,18097391002
97,OPERATIONAL,"{'location': {'lat': 39.776305, 'lng': -86.1838082}, 'viewport': {'northeast': {'lat': 39.77742017989272, 'lng': -86.18245167010728}, 'southwest': {'lat': 39.77472052010728, 'lng': -86.18515132989272}}}",Primary Care Center - OB/GYN Clinic,ChIJR7s2tzRXa4gR1l70QN-6X78,2.5,4,"Fifth Third Bank Building at Eskenazi Health, 640 Eskenazi Ave, Indianapolis",https://www.google.com/maps/place/?q=place_id:ChIJR7s2tzRXa4gR1l70QN-6X78,39.7769389,-86.1668915,39.77828078,-86.16558132,39.77558112,-86.16828098,18097391001
98,OPERATIONAL,"{'location': {'lat': 39.7874482, 'lng': -86.16542810000001}, 'viewport': {'northeast': {'lat': 39.78867187989272, 'lng': -86.16388417010728}, 'southwest': {'lat': 39.78597222010728, 'lng': -86.16658382989273}}}","Cynthia L. Bodkin, MD - IU Health Physicians Neurology",ChIJmYHhajVXa4gRXsZ_dwihrFo,4.7,3,"362 W 15th St Suite 3200, Indianapolis",https://www.google.com/maps/place/?q=place_id:ChIJmYHhajVXa4gRXsZ_dwihrFo,39.7769389,-86.1668915,39.77828078,-86.16558132,39.77558112,-86.16828098,18097391002
99,OPERATIONAL,"{'location': {'lat': 39.9862869, 'lng': -85.9298158}, 'viewport': {'northeast': {'lat': 39.98798122989272, 'lng': -85.92799827010728}, 'southwest': {'lat': 39.98528157010728, 'lng': -85.93069792989272}}}",IU Health Saxony Hospital,ChIJUdx3VQHKFIgRgDZ3BNjrjuY,3.4,70,"13000 East 136th Street, Fishers",https://www.google.com/maps/place/?q=place_id:ChIJUdx3VQHKFIgRgDZ3BNjrjuY,39.9862869,-85.9298158,39.98798123,-85.92799827,39.98528157,-85.93069793,18057110815
100,OPERATIONAL,"{'location': {'lat': 39.7846996, 'lng': -86.31382119999999}, 'viewport': {'northeast': {'lat': 39.78604552989272, 'lng': -86.31284157010727}, 'southwest': {'lat': 39.78334587010728, 'lng': -86.3155412298927}}}",Westside Village Nursing Center,ChIJ77cdtZSobIgRr3hxKPDo1d8,3.9,57,"8616 W 10th St, Indianapolis",https://www.google.com/maps/place/?q=place_id:ChIJ77cdtZSobIgRr3hxKPDo1d8,39.9862869,-85.9298158,39.98798123,-85.92799827,39.98528157,-85.93069793,18097340113
101,OPERATIONAL,"{'location': {'lat': 39.9061758, 'lng': -86.1991044}, 'viewport': {'northeast': {'lat': 39.90751652989272, 'lng': -86.19791487010727}, 'southwest': {'lat': 39.90481687010728, 'lng': -86.20061452989272}}}","Elizabeth M. Bowen, NP",ChIJIyHVXG3LFIgRva92E9U34iI,0,0,"8220 Naab Rd #101, Indianapolis",https://www.google.com/maps/place/?q=place_id:ChIJIyHVXG3LFIgRva92E9U34iI,39.9862869,-85.9298158,39.98798123,-85.92799827,39.98528157,-85.93069793,18097320108
102,OPERATIONAL,"{'location': {'lat': 39.7883649, 'lng': -86.0751044}, 'viewport': {'northeast': {'lat': 39.78974682989272, 'lng': -86.07369397010729}, 'southwest': {'lat': 39.78704717010727, 'lng': -86.07639362989272}}}",NeuroDiagnostic Institute and Advanced Treament Center,ChIJr1aZPBtPa4gRTFXyypkOKms,1.5,2,"5435 E 16th St, Indianapolis",https://www.google.com/maps/place/?q=place_id:ChIJr1aZPBtPa4gRTFXyypkOKms,39.7883649,-86.0751044,39.78974683,-86.07369397,39.78704717,-86.07639363,18097360900
103,OPERATIONAL,"{'location': {'lat': 39.7893439, 'lng': -86.1610676}, 'viewport': {'northeast': {'lat': 39.79063362989272, 'lng': -86.15990682010728}, 'southwest': {'lat': 39.78793397010728, 'lng': -86.16260647989272}}}",Healthnet Community Health Center,ChIJGe-M4ttQa4gRJ0eMVcSaUms,3.6,5,"1633 N Capitol Ave, Indianapolis",https://www.google.com/maps/place/?q=place_id:ChIJGe-M4ttQa4gRJ0eMVcSaUms,39.7883649,-86.0751044,39.78974683,-86.07369397,39.78704717,-86.07639363,18097353300
104,OPERATIONAL,"{'location': {'lat': 39.7775523, 'lng': -86.1837364}, 'viewport': {'northeast': {'lat': 39.77890297989273, 'lng': -86.18230817010729}, 'southwest': {'lat': 39.77620332010728, 'lng': -86.18500782989273}}}","IU Health Physicians Pulmonary, Critical Care & Sleep Medicine - Eskenazi Health",ChIJLYluzl5Xa4gR2fXXaEfMdro,0,0,"720 Eskenazi Ave 4th Floor, Indianapolis",https://www.google.com/maps/place/?q=place_id:ChIJLYluzl5Xa4gR2fXXaEfMdro,39.7883649,-86.0751044,39.78974683,-86.07369397,39.78704717,-86.07639363,18097391001
105,OPERATIONAL,"{'location': {'lat': 39.7774285, 'lng': -86.1800805}, 'viewport': {'northeast': {'lat': 39.77913562989273, 'lng': -86.17879570000001}, 'southwest': {'lat': 39.77643597010728, 'lng': -86.1822433}}}",Riley Hospital for Children,ChIJ1e14TDRXa4gRTMCR1NCWXDQ,4,593,"705 Riley Hospital Dr, Indianapolis",https://www.google.com/maps/place/?q=place_id:ChIJ1e14TDRXa4gRTMCR1NCWXDQ,39.7774285,-86.1800805,39.77913563,-86.1787957,39.77643597,-86.1822433,18097391001
106,OPERATIONAL,"{'location': {'lat': 39.8442143, 'lng': -86.3574952}, 'viewport': {'northeast': {'lat': 39.84563987989272, 'lng': -86.35632627010729}, 'southwest': {'lat': 39.84294022010728, 'lng': -86.35902592989272}}}",Immediate Care | Hendricks Regional Health Brownsburg Hospital,ChIJv7ZghB-sbIgR-xuQCulLzV8,3.1,12,"5492 Ronald Reagan Pkwy # 130, Brownsburg",https://www.google.com/maps/place/?q=place_id:ChIJv7ZghB-sbIgR-xuQCulLzV8,39.7774285,-86.1800805,39.77913563,-86.1787957,39.77643597,-86.1822433,18097391001
107,OPERATIONAL,"{'location': {'lat': 39.915051, 'lng': -86.0722881}, 'viewport': {'northeast': {'lat': 39.91661717989272, 'lng': -86.07077062010728}, 'southwest': {'lat': 39.91391752010728, 'lng': -86.07347027989273}}}",Dental Sleep Medicine of Indiana,ChIJCWK0tcqyFIgR4DDZHqyf2BA,5,1,"5625 Castle Creek Pkwy N Dr, Indianapolis",https://www.google.com/maps/place/?q=place_id:ChIJCWK0tcqyFIgR4DDZHqyf2BA,39.7774285,-86.1800805,39.77913563,-86.1787957,39.77643597,-86.1822433,18097320303
108,OPERATIONAL,"{'location': {'lat': 39.9596046, 'lng': -86.15940789999999}, 'viewport': {'northeast': {'lat': 39.96109207989273, 'lng': -86.15841957010727}, 'southwest': {'lat': 39.95839242010729, 'lng': -86.16111922989272}}}",Riley Hospital for Children at IU Health North Hospital,ChIJEVzXfWKsFIgRvK_nNEm6oYU,4.3,15,"11700 N Meridian St, Carmel",https://www.google.com/maps/place/?q=place_id:ChIJEVzXfWKsFIgRvK_nNEm6oYU,39.9596046,-86.1594079,39.96109208,-86.15841957,39.95839242,-86.16111923,18057111009
109,OPERATIONAL,"{'location': {'lat': 39.7791413, 'lng': -86.175772}, 'viewport': {'northeast': {'lat': 39.78033732989272, 'lng': -86.17448757010727}, 'southwest': {'lat': 39.77763767010728, 'lng': -86.17718722989272}}}",Riley Pediatric Care Center,ChIJYVCku4pXa4gRO11aRYlxPMc,0,0,"1002 Wishard Blvd, Indianapolis",https://www.google.com/maps/place/?q=place_id:ChIJYVCku4pXa4gRO11aRYlxPMc,39.9596046,-86.1594079,39.96109208,-86.15841957,39.95839242,-86.16111923,18097391001
110,OPERATIONAL,"{'location': {'lat': 39.8238563, 'lng': -86.4000039}, 'viewport': {'northeast': {'lat': 39.82520412989273, 'lng': -86.39877452010728}, 'southwest': {'lat': 39.82250447010728, 'lng': -86.40147417989273}}}",Hendricks Regional Health Pulmonology & Sleep Medicine,ChIJfcFqG8WvbIgRlP_06qkZkT8,0,0,"1411 S Green St #110, Brownsburg",https://www.google.com/maps/place/?q=place_id:ChIJfcFqG8WvbIgRlP_06qkZkT8,39.9596046,-86.1594079,39.96109208,-86.15841957,39.95839242,-86.16111923,18063210204
111,OPERATIONAL,"{'location': {'lat': 39.82752079999999, 'lng': -86.25949609999999}, 'viewport': {'northeast': {'lat': 39.82893132989273, 'lng': -86.25806907010727}, 'southwest': {'lat': 39.82623167010728, 'lng': -86.2607687298927}}}",Kate Heatlh,ChIJ-cO0QsOpbIgRAeX0wN-4suk,0,0,"3968 Steinmetz Dr, Indianapolis",https://www.google.com/maps/place/?q=place_id:ChIJ-cO0QsOpbIgRAeX0wN-4suk,39.8275208,-86.2594961,39.82893133,-86.25806907,39.82623167,-86.26076873,18097310306
112,OPERATIONAL,"{'location': {'lat': 39.8164842, 'lng': -86.2724625}, 'viewport': {'northeast': {'lat': 39.81774682989272, 'lng': -86.27127812010728}, 'southwest': {'lat': 39.81504717010728, 'lng': -86.27397777989272}}}",Northwest Healthcare Center,ChIJA2vYmMGpbIgRlcuQwywsvpY,4.2,31,"6440 W 34th St, Indianapolis",https://www.google.com/maps/place/?q=place_id:ChIJA2vYmMGpbIgRlcuQwywsvpY,39.8275208,-86.2594961,39.82893133,-86.25806907,39.82623167,-86.26076873,18097340108
113,OPERATIONAL,"{'location': {'lat': 39.8238563, 'lng': -86.4000039}, 'viewport': {'northeast': {'lat': 39.82520412989273, 'lng': -86.39877452010728}, 'southwest': {'lat': 39.82250447010728, 'lng': -86.40147417989273}}}",Patient Forms | Hendricks Pulmonary & Sleep Medicine,ChIJz1uTaxWubIgRjjtTerygKek,0,0,"1411 S Green St, Brownsburg",https://www.google.com/maps/place/?q=place_id:ChIJz1uTaxWubIgRjjtTerygKek,39.8275208,-86.2594961,39.82893133,-86.25806907,39.82623167,-86.26076873,18063210204
114,OPERATIONAL,"{'location': {'lat': 39.7868442, 'lng': -86.07498540000002}, 'viewport': {'northeast': {'lat': 39.78786262989273, 'lng': -86.07362362010727}, 'southwest': {'lat': 39.78516297010729, 'lng': -86.0763232798927}}}",Community Hospital East - Emergency Room,ChIJta6wuodPa4gRXdsFtcpKPM0,2.6,7,"1500 N Ritter Ave, Indianapolis",https://www.google.com/maps/place/?q=place_id:ChIJta6wuodPa4gRXdsFtcpKPM0,39.7868442,-86.0749854,39.78786263,-86.07362362,39.78516297,-86.07632328,18097360900
115,OPERATIONAL,"{'location': {'lat': 39.8530192, 'lng': -86.0862882}, 'viewport': {'northeast': {'lat': 39.85450997989273, 'lng': -86.08512752010728}, 'southwest': {'lat': 39.85181032010728, 'lng': -86.08782717989271}}}",Children Express Care Clinic,ChIJl4BFSURNa4gRMhMUMRPZWl4,5,12,"5435 Emerson Way Suite 100, Indianapolis",https://www.google.com/maps/place/?q=place_id:ChIJl4BFSURNa4gRMhMUMRPZWl4,39.7868442,-86.0749854,39.78786263,-86.07362362,39.78516297,-86.07632328,18097390411
116,OPERATIONAL,"{'location': {'lat': 39.9004531, 'lng': -86.0399446}, 'viewport': {'northeast': {'lat': 39.90169827989272, 'lng': -86.03845752010727}, 'southwest': {'lat': 39.89899862010728, 'lng': -86.04115717989272}}}","Anita Rajagopal, MD",ChIJK-yTW79Na4gRqEmPDyTrtKs,5,2,"7250 Clearvista Dr Ste 380, Indianapolis",https://www.google.com/maps/place/?q=place_id:ChIJK-yTW79Na4gRqEmPDyTrtKs,39.7868442,-86.0749854,39.78786263,-86.07362362,39.78516297,-86.07632328,18097330106
117,OPERATIONAL,"{'location': {'lat': 39.9017707, 'lng': -86.20405600000001}, 'viewport': {'northeast': {'lat': 39.90304922989272, 'lng': -86.20249182010728}, 'southwest': {'lat': 39.90034957010727, 'lng': -86.20519147989272}}}",Ascension St. Vincent - Seton,ChIJ050xIMNUa4gRDfgscI49P6o,3.3,25,"8050 Township Line Rd, Indianapolis",https://www.google.com/maps/place/?q=place_id:ChIJ050xIMNUa4gRDfgscI49P6o,39.9017707,-86.204056,39.90304923,-86.20249182,39.90034957,-86.20519148,18097310106
118,OPERATIONAL,"{'location': {'lat': 40.0033494, 'lng': -86.07669419999999}, 'viewport': {'northeast': {'lat': 40.00521687989272, 'lng': -86.07519192010727}, 'southwest': {'lat': 40.00251722010728, 'lng': -86.07789157989272}}}",Grace Care Center & Choice Food Pantry,ChIJ20pZpfOxFIgRIhF5GbQnX3k,4.9,70,"5504 E 146th St, Noblesville",https://www.google.com/maps/place/?q=place_id:ChIJ20pZpfOxFIgRIhF5GbQnX3k,39.9017707,-86.204056,39.90304923,-86.20249182,39.90034957,-86.20519148,18057110515
119,OPERATIONAL,"{'location': {'lat': 39.9061758, 'lng': -86.1991044}, 'viewport': {'northeast': {'lat': 39.90751652989272, 'lng': -86.19791487010727}, 'southwest': {'lat': 39.90481687010728, 'lng': -86.20061452989272}}}","Leyla Akanli, MD",ChIJw-jnHbhUa4gRVfz9TaO3u4c,5,3,"8220 Naab Rd #101, Indianapolis",https://www.google.com/maps/place/?q=place_id:ChIJw-jnHbhUa4gRVfz9TaO3u4c,39.9017707,-86.204056,39.90304923,-86.20249182,39.90034957,-86.20519148,18097320108
120,OPERATIONAL,"{'location': {'lat': 39.7782082, 'lng': -86.1801514}, 'viewport': {'northeast': {'lat': 39.77951322989271, 'lng': -86.17855487010728}, 'southwest': {'lat': 39.77681357010727, 'lng': -86.18125452989271}}}",Riley Childrens Hospital Ambulance Entrance,ChIJn7hIJzRXa4gRN1-bndl9lp4,0,0,"1240 Wishard Blvd, Indianapolis",https://www.google.com/maps/place/?q=place_id:ChIJn7hIJzRXa4gRN1-bndl9lp4,39.7782082,-86.1801514,39.77951323,-86.17855487,39.77681357,-86.18125453,18097391001
121,OPERATIONAL,"{'location': {'lat': 39.7893439, 'lng': -86.1610676}, 'viewport': {'northeast': {'lat': 39.79063362989272, 'lng': -86.15990682010728}, 'southwest': {'lat': 39.78793397010728, 'lng': -86.16260647989272}}}",Adult Ambulatory Care Center,ChIJGe-M4ttQa4gRQyb-TfXP7Yc,0,0,"1633 N Capitol Ave, Indianapolis",https://www.google.com/maps/place/?q=place_id:ChIJGe-M4ttQa4gRQyb-TfXP7Yc,39.7782082,-86.1801514,39.77951323,-86.17855487,39.77681357,-86.18125453,18097353300
122,OPERATIONAL,"{'location': {'lat': 39.9020172, 'lng': -86.0442765}, 'viewport': {'northeast': {'lat': 39.90316327989272, 'lng': -86.04342477010726}, 'southwest': {'lat': 39.90046362010728, 'lng': -86.04612442989271}}}",Community Heart and Vascular Hospital,ChIJmeNr8NpMa4gRYrQzPwZS6ME,4.2,41,"8075 Shadeland Ave, Indianapolis",https://www.google.com/maps/place/?q=place_id:ChIJmeNr8NpMa4gRYrQzPwZS6ME,39.9020172,-86.0442765,39.90316328,-86.04342477,39.90046362,-86.04612443,18097330106
123,OPERATIONAL,"{'location': {'lat': 39.7756075, 'lng': -86.1761174}, 'viewport': {'northeast': {'lat': 39.77691697989273, 'lng': -86.17445987010727}, 'southwest': {'lat': 39.77421732010728, 'lng': -86.17715952989272}}}",Adult Ambulatory Care Center - IU Health University Hospital,ChIJAw9PuVlXa4gRH5xRSarjXjA,0,0,"550 University Blvd Suite 3500, Indianapolis",https://www.google.com/maps/place/?q=place_id:ChIJAw9PuVlXa4gRH5xRSarjXjA,39.9020172,-86.0442765,39.90316328,-86.04342477,39.90046362,-86.04612443,18097391001
124,OPERATIONAL,"{'location': {'lat': 39.9078547, 'lng': -86.1965025}, 'viewport': {'northeast': {'lat': 39.90920452989272, 'lng': -86.19515992010727}, 'southwest': {'lat': 39.90650487010728, 'lng': -86.19785957989271}}}",Peyton Manning Children's Hospital,ChIJB1MtFslVa4gRKEmHn2Pe-Rc,3,15,"Ditch Rd &, W 86th St, Indianapolis",https://www.google.com/maps/place/?q=place_id:ChIJB1MtFslVa4gRKEmHn2Pe-Rc,39.9078547,-86.1965025,39.90920453,-86.19515992,39.90650487,-86.19785958,18097320105
125,OPERATIONAL,"{'location': {'lat': 39.8136911, 'lng': -86.08517979999999}, 'viewport': {'northeast': {'lat': 39.81504332989272, 'lng': -86.08369302010728}, 'southwest': {'lat': 39.81234367010727, 'lng': -86.08639267989273}}}",Child Care,ChIJbSPeaBhOa4gRqJq4M25dudw,0,0,"3138 N Bancroft St, Indianapolis",https://www.google.com/maps/place/?q=place_id:ChIJbSPeaBhOa4gRqJq4M25dudw,39.9078547,-86.1965025,39.90920453,-86.19515992,39.90650487,-86.19785958,18097352300
126,OPERATIONAL,"{'location': {'lat': 39.77817719999999, 'lng': -86.1867986}, 'viewport': {'northeast': {'lat': 39.77959072989272, 'lng': -86.18508022010728}, 'southwest': {'lat': 39.77689107010727, 'lng': -86.18777987989272}}}",Roudebush VA Medical Center,ChIJQRwtIbtXa4gRZMslQIBTVG4,3.6,52,"1481 W 10th St, Indianapolis",https://www.google.com/maps/place/?q=place_id:ChIJQRwtIbtXa4gRZMslQIBTVG4,39.7781772,-86.1867986,39.77959073,-86.18508022,39.77689107,-86.18777988,18097391001
127,OPERATIONAL,"{'location': {'lat': 39.8533448, 'lng': -86.1202314}, 'viewport': {'northeast': {'lat': 39.85476812989273, 'lng': -86.11889552010727}, 'southwest': {'lat': 39.85206847010728, 'lng': -86.12159517989272}}}",Carrie B. Boyd Health Care Center,ChIJ44BnwThSa4gRufw47Ki9ZPY,0,0,"5555 N Tacoma Ave #12, Indianapolis",https://www.google.com/maps/place/?q=place_id:ChIJ44BnwThSa4gRufw47Ki9ZPY,39.7781772,-86.1867986,39.77959073,-86.18508022,39.77689107,-86.18777988,18097321700
128,OPERATIONAL,"{'location': {'lat': 39.9823872, 'lng': -86.1447542}, 'viewport': {'northeast': {'lat': 39.98371337989272, 'lng': -86.1419891}, 'southwest': {'lat': 39.98101372010728, 'lng': -86.1456759}}}",Ascension St. Vincent Carmel,ChIJU4WS3DmsFIgRZkY0WK2nv60,3.2,151,"13500 N Meridian St, Carmel",https://www.google.com/maps/place/?q=place_id:ChIJU4WS3DmsFIgRZkY0WK2nv60,39.9823872,-86.1447542,39.98371338,-86.1419891,39.98101372,-86.1456759,18057110906
129,OPERATIONAL,"{'location': {'lat': 39.7505761, 'lng': -86.258911}, 'viewport': {'northeast': {'lat': 39.75183417989273, 'lng': -86.25759462010728}, 'southwest': {'lat': 39.74913452010728, 'lng': -86.26029427989272}}}",Fabric Care Center,ChIJOT5aJ_mnbIgRNONVlGTb-nU,4.2,322,"5760 W Morris St, Indianapolis",https://www.google.com/maps/place/?q=place_id:ChIJOT5aJ_mnbIgRNONVlGTb-nU,39.9823872,-86.1447542,39.98371338,-86.1419891,39.98101372,-86.1456759,18097342200
130,OPERATIONAL,"{'location': {'lat': 39.9090803, 'lng': -86.1958346}, 'viewport': {'northeast': {'lat': 39.90988992989272, 'lng': -86.19431282010729}, 'southwest': {'lat': 39.90719027010728, 'lng': -86.19701247989272}}}",Peyton Manning Children's Hospital at Ascension St. Vincent,ChIJ5dAWB8hUa4gR_d6lP87E1J8,4.1,65,"2001 W 86th St, Indianapolis",https://www.google.com/maps/place/?q=place_id:ChIJ5dAWB8hUa4gR_d6lP87E1J8,39.9090803,-86.1958346,39.90988993,-86.19431282,39.90719027,-86.19701248,18097320108
131,OPERATIONAL,"{'location': {'lat': 39.7928748, 'lng': -86.1612789}, 'viewport': {'northeast': {'lat': 39.79422352989272, 'lng': -86.16004007010727}, 'southwest': {'lat': 39.79152387010728, 'lng': -86.16273972989272}}}",Jovic Primary Care and Walk in Clinic,ChIJVVWl6dhQa4gRfT_uKLZbFkc,0,0,"1935 N Capitol Ave, Indianapolis",https://www.google.com/maps/place/?q=place_id:ChIJVVWl6dhQa4gRfT_uKLZbFkc,39.9090803,-86.1958346,39.90988993,-86.19431282,39.90719027,-86.19701248,18097353300
132,OPERATIONAL,"{'location': {'lat': 39.7892294, 'lng': -86.1627779}, 'viewport': {'northeast': {'lat': 39.79040472989272, 'lng': -86.16153467010727}, 'southwest': {'lat': 39.78770507010728, 'lng': -86.16423432989271}}}",IU Health Methodist Hospital Emergency Medicine,ChIJhQcYR19Ra4gRHLUjW8j33Fg,2.3,63,"1701 N Senate Ave, Indianapolis",https://www.google.com/maps/place/?q=place_id:ChIJhQcYR19Ra4gRHLUjW8j33Fg,39.7892294,-86.1627779,39.79040473,-86.16153467,39.78770507,-86.16423433,18097353300
133,OPERATIONAL,"{'location': {'lat': 39.9314125, 'lng': -86.0142778}, 'viewport': {'northeast': {'lat': 39.93276282989273, 'lng': -86.01313302010728}, 'southwest': {'lat': 39.93006317010728, 'lng': -86.01583267989272}}}",Amputee Care Center Inc,ChIJV5P1rl-zFIgRM7FzDgQ9Ya0,5,1,"9780 Lantern Rd, Fishers",https://www.google.com/maps/place/?q=place_id:ChIJV5P1rl-zFIgRM7FzDgQ9Ya0,39.7892294,-86.1627779,39.79040473,-86.16153467,39.78770507,-86.16423433,18057110807
134,OPERATIONAL,"{'location': {'lat': 39.903797, 'lng': -86.200591}, 'viewport': {'northeast': {'lat': 39.90523317989272, 'lng': -86.19975362010727}, 'southwest': {'lat': 39.90253352010728, 'lng': -86.20245327989272}}}",Ascension St. Vincent Women's Hospital,ChIJL0uqqsZUa4gRe94pYMl0_UY,3.5,17,"8111 Township Line Rd, Indianapolis",https://www.google.com/maps/place/?q=place_id:ChIJL0uqqsZUa4gRe94pYMl0_UY,39.903797,-86.200591,39.90523318,-86.19975362,39.90253352,-86.20245328,18097320108
135,OPERATIONAL,"{'location': {'lat': 39.78936960000001, 'lng': -86.1606304}, 'viewport': {'northeast': {'lat': 39.79071722989271, 'lng': -86.15968887010727}, 'southwest': {'lat': 39.78801757010727, 'lng': -86.16238852989271}}}",Healthnet Ped & Teen Care Center,ChIJGe-M4ttQa4gR6lKaB6KUOUU,4,1,"Parking Garage 4, 1633 N Capitol Ave, Indianapolis",https://www.google.com/maps/place/?q=place_id:ChIJGe-M4ttQa4gR6lKaB6KUOUU,39.903797,-86.200591,39.90523318,-86.19975362,39.90253352,-86.20245328,18097353300
136,OPERATIONAL,"{'location': {'lat': 39.7875186, 'lng': -86.0748054}, 'viewport': {'northeast': {'lat': 39.78882812989273, 'lng': -86.07329962010728}, 'southwest': {'lat': 39.78612847010729, 'lng': -86.07599927989273}}}",Community Hospital East Emergency Department,ChIJa7T_MF5Pa4gR9aj2_-k9uUQ,3.5,4,"1500 N Ritter Ave, Indianapolis",https://www.google.com/maps/place/?q=place_id:ChIJa7T_MF5Pa4gR9aj2_-k9uUQ,39.7875186,-86.0748054,39.78882813,-86.07329962,39.78612847,-86.07599928,18097360900
137,OPERATIONAL,"{'location': {'lat': 39.777563, 'lng': -86.16091399999999}, 'viewport': {'northeast': {'lat': 39.77891942989272, 'lng': -86.15976867010728}, 'southwest': {'lat': 39.77621977010728, 'lng': -86.16246832989273}}}",Downtown Car Care Center,ChIJqULqcJtQa4gRMxuxILC3a2w,4.4,90,"725 N Capitol Ave, Indianapolis",https://www.google.com/maps/place/?q=place_id:ChIJqULqcJtQa4gRMxuxILC3a2w,39.7875186,-86.0748054,39.78882813,-86.07329962,39.78612847,-86.07599928,18097391002
138,OPERATIONAL,"{'location': {'lat': 39.7835245, 'lng': -86.1704194}, 'viewport': {'northeast': {'lat': 39.78477982989272, 'lng': -86.16906907010728}, 'southwest': {'lat': 39.78208017010728, 'lng': -86.17176872989272}}}",Media,ChIJ8d8wgppRa4gR5tC65KPbTo8,0,0,"562 W 12th St, Indianapolis",https://www.google.com/maps/place/?q=place_id:ChIJ8d8wgppRa4gR5tC65KPbTo8,39.7835245,-86.1704194,39.78477983,-86.16906907,39.78208017,-86.17176873,18097353500
139,OPERATIONAL,"{'location': {'lat': 39.7752845, 'lng': -86.2895502}, 'viewport': {'northeast': {'lat': 39.77666647989273, 'lng': -86.28820577010728}, 'southwest': {'lat': 39.77396682010728, 'lng': -86.29090542989272}}}",Indiana Immediate Care,ChIJX9kC_2aobIgR3uYBBkBeMfs,4.7,1157,"650 N Girls School Rd, Indianapolis",https://www.google.com/maps/place/?q=place_id:ChIJX9kC_2aobIgR3uYBBkBeMfs,39.7835245,-86.1704194,39.78477983,-86.16906907,39.78208017,-86.17176873,18097340102
140,OPERATIONAL,"{'location': {'lat': 39.8989702, 'lng': -86.03798189999999}, 'viewport': {'northeast': {'lat': 39.90046747989273, 'lng': -86.03672197010727}, 'southwest': {'lat': 39.89776782010728, 'lng': -86.03942162989271}}}",Community Rehabilitation Hospital,ChIJl4n3asRMa4gRxN-JliNJtO0,4.4,72,"7343 Clearvista Dr, Indianapolis",https://www.google.com/maps/place/?q=place_id:ChIJl4n3asRMa4gRxN-JliNJtO0,39.8989702,-86.0379819,39.90046748,-86.03672197,39.89776782,-86.03942163,18097330106
141,OPERATIONAL,"{'location': {'lat': 39.7644081, 'lng': -86.393959}, 'viewport': {'northeast': {'lat': 39.76570577989272, 'lng': -86.39266007010727}, 'southwest': {'lat': 39.76300612010728, 'lng': -86.3953597298927}}}",Hope Healthcare Services,ChIJsa3t24uvbIgRMOEW5-9xxJw,3.9,15,"107 Park Pl Blvd, Avon",https://www.google.com/maps/place/?q=place_id:ChIJsa3t24uvbIgRMOEW5-9xxJw,39.8989702,-86.0379819,39.90046748,-86.03672197,39.89776782,-86.03942163,18097330106
142,OPERATIONAL,"{'location': {'lat': 39.785863, 'lng': -86.07631719999999}, 'viewport': {'northeast': {'lat': 39.78737202989272, 'lng': -86.07429737010726}, 'southwest': {'lat': 39.78467237010728, 'lng': -86.07699702989271}}}",Community Heart And Vascular at Community Hospital East,ChIJo9NzaJxPa4gRBRnWlXuFgV4,0,0,"1400 N Ritter Ave, Indianapolis",https://www.google.com/maps/place/?q=place_id:ChIJo9NzaJxPa4gRBRnWlXuFgV4,39.785863,-86.0763172,39.78737203,-86.07429737,39.78467237,-86.07699703,18097360900
143,OPERATIONAL,"{'location': {'lat': 39.82678, 'lng': -86.28074389999999}, 'viewport': {'northeast': {'lat': 39.82804127989272, 'lng': -86.27912167010727}, 'southwest': {'lat': 39.82534162010727, 'lng': -86.28182132989272}}}",Arthritis Care Center,ChIJ77b9NZKpbIgR-908HO5DQQg,0,0,"6820 Parkdale Pl # 204, Indianapolis",https://www.google.com/maps/place/?q=place_id:ChIJ77b9NZKpbIgR-908HO5DQQg,39.785863,-86.0763172,39.78737203,-86.07429737,39.78467237,-86.07699703,18097310111
144,OPERATIONAL,"{'location': {'lat': 39.9090803, 'lng': -86.1958346}, 'viewport': {'northeast': {'lat': 39.91108020000001, 'lng': -86.19514760000001}, 'southwest': {'lat': 39.90705539999998, 'lng': -86.1978944}}}",Emergency - Ascension St. Vincent Hospital - Indianapolis,ChIJ56FZBHNVa4gRoBasRXqm6rs,4.1,365,"2001 W 86th St, Indianapolis",https://www.google.com/maps/place/?q=place_id:ChIJ56FZBHNVa4gRoBasRXqm6rs,39.9090803,-86.1958346,39.9110802,-86.1951476,39.9070554,-86.1978944,18097320108
145,OPERATIONAL,"{'location': {'lat': 39.836148, 'lng': -86.02526549999999}, 'viewport': {'northeast': {'lat': 39.83750477989272, 'lng': -86.02397642010727}, 'southwest': {'lat': 39.83480512010728, 'lng': -86.02667607989271}}}",Fabric Care Center,ChIJ2YpjzUpNa4gR2t7wrP2Rc-E,0,0,"8015 Pendleton Pike, Lawrence",https://www.google.com/maps/place/?q=place_id:ChIJ2YpjzUpNa4gR2t7wrP2Rc-E,39.9090803,-86.1958346,39.9110802,-86.1951476,39.9070554,-86.1978944,18097330805
146,OPERATIONAL,"{'location': {'lat': 39.9038708, 'lng': -86.2008706}, 'viewport': {'northeast': {'lat': 39.90510032989273, 'lng': -86.19973252010726}, 'southwest': {'lat': 39.90240067010728, 'lng': -86.20243217989271}}}",Ascension Medical Group - St. Vincent - Indianapolis Center For Maternal & Fetal Care,ChIJG6BmVcFUa4gRWintpgT4NW0,4.2,80,"8111 Township Line Rd, Indianapolis",https://www.google.com/maps/place/?q=place_id:ChIJG6BmVcFUa4gRWintpgT4NW0,39.9038708,-86.2008706,39.90510033,-86.19973252,39.90240067,-86.20243218,18097320108
147,OPERATIONAL,"{'location': {'lat': 39.9139323, 'lng': -86.23033939999999}, 'viewport': {'northeast': {'lat': 39.91512117989272, 'lng': -86.22901947010727}, 'southwest': {'lat': 39.91242152010727, 'lng': -86.23171912989271}}}",Independent Adult Day Care Centers - Northwest,ChIJ_7naNzFVa4gRcD1qnrVtQrQ,4.5,13,"8755 Guion Rd Suite A, Indianapolis",https://www.google.com/maps/place/?q=place_id:ChIJ_7naNzFVa4gRcD1qnrVtQrQ,39.9038708,-86.2008706,39.90510033,-86.19973252,39.90240067,-86.20243218,18097310104
148,OPERATIONAL,"{'location': {'lat': 40.043799, 'lng': -86.13384710000001}, 'viewport': {'northeast': {'lat': 40.04516912989272, 'lng': -86.13243722010728}, 'southwest': {'lat': 40.04246947010727, 'lng': -86.13513687989271}}}",Riverview,ChIJ_ZmH2aSvFIgRE2R9iUqIoww,0,0,"17600 Shamrock Blvd, Westfield",https://www.google.com/maps/place/?q=place_id:ChIJ_ZmH2aSvFIgRE2R9iUqIoww,40.043799,-86.1338471,40.04516913,-86.13243722,40.04246947,-86.13513688,18057110401
149,OPERATIONAL,"{'location': {'lat': 39.8241164, 'lng': -86.27992429999999}, 'viewport': {'northeast': {'lat': 39.82523317989272, 'lng': -86.27849247010727}, 'southwest': {'lat': 39.82253352010728, 'lng': -86.28119212989272}}}",First Step Child Care Center,ChIJhfJnBwlWa4gRthobRfENSm8,4.7,11,"6750 Eagle View Dr, Indianapolis",https://www.google.com/maps/place/?q=place_id:ChIJhfJnBwlWa4gRthobRfENSm8,40.043799,-86.1338471,40.04516913,-86.13243722,40.04246947,-86.13513688,18097310111
150,OPERATIONAL,"{'location': {'lat': 39.9593014, 'lng': -86.1597721}, 'viewport': {'northeast': {'lat': 39.96065907989272, 'lng': -86.15884362010726}, 'southwest': {'lat': 39.95795942010728, 'lng': -86.16154327989271}}}",IU Health Physicians Primay Care - IU Health North Hospital,ChIJNWdj-GGsFIgRfBVLzx15pog,5,1,"11725 N Illinois St Suite 595, Carmel",https://www.google.com/maps/place/?q=place_id:ChIJNWdj-GGsFIgRfBVLzx15pog,39.9593014,-86.1597721,39.96065908,-86.15884362,39.95795942,-86.16154328,18057111009
151,OPERATIONAL,"{'location': {'lat': 39.7615488, 'lng': -86.1525224}, 'viewport': {'northeast': {'lat': 39.76289532989271, 'lng': -86.15134472010728}, 'southwest': {'lat': 39.76019567010727, 'lng': -86.15404437989272}}}",Franciscan ExpressCare CityWay,ChIJ7dmGM2dRa4gRLvyjeBSpKt8,3.6,36,"325 S Alabama St, Indianapolis",https://www.google.com/maps/place/?q=place_id:ChIJ7dmGM2dRa4gRLvyjeBSpKt8,39.9593014,-86.1597721,39.96065908,-86.15884362,39.95795942,-86.16154328,18097356200
152,OPERATIONAL,"{'location': {'lat': 39.9080735, 'lng': -86.26721069999999}, 'viewport': {'northeast': {'lat': 39.90965637989272, 'lng': -86.26570692010728}, 'southwest': {'lat': 39.90695672010727, 'lng': -86.26840657989273}}}",OrthoIndy Hospital Main,ChIJs8e6JbuqbIgRDTwoM_wDWcQ,3.9,50,"8400 Northwest Blvd, Indianapolis",https://www.google.com/maps/place/?q=place_id:ChIJs8e6JbuqbIgRDTwoM_wDWcQ,39.9080735,-86.2672107,39.90965638,-86.26570692,39.90695672,-86.26840658,18097310105
153,OPERATIONAL,"{'location': {'lat': 39.7560028, 'lng': -86.4329132}, 'viewport': {'northeast': {'lat': 39.75722387989272, 'lng': -86.43143737010728}, 'southwest': {'lat': 39.75452422010727, 'lng': -86.43413702989272}}}",Majestic Care of Avon,ChIJG9AXP6S6bIgRRSVcYx-bGT8,3.6,33,"445 S County Rd 525 E, Avon",https://www.google.com/maps/place/?q=place_id:ChIJG9AXP6S6bIgRRSVcYx-bGT8,39.9080735,-86.2672107,39.90965638,-86.26570692,39.90695672,-86.26840658,18063210612
154,OPERATIONAL,"{'location': {'lat': 39.9016042, 'lng': -86.0415117}, 'viewport': {'northeast': {'lat': 39.90313062989273, 'lng': -86.04017077010728}, 'southwest': {'lat': 39.90043097010728, 'lng': -86.04287042989272}}}",Community Hospital North Behavioral Health Pavilion,ChIJq7JuHcVMa4gRw9tzGAr8Xf0,2.4,67,"7165 Clearvista Way, Indianapolis",https://www.google.com/maps/place/?q=place_id:ChIJq7JuHcVMa4gRw9tzGAr8Xf0,39.9016042,-86.0415117,39.90313063,-86.04017077,39.90043097,-86.04287043,18097330106
155,OPERATIONAL,"{'location': {'lat': 39.7803358, 'lng': -86.2048736}, 'viewport': {'northeast': {'lat': 39.78171927989271, 'lng': -86.20370662010728}, 'southwest': {'lat': 39.77901962010727, 'lng': -86.20640627989272}}}",Charity Church Child Care Center,ChIJu9uaEBJXa4gRi7E_anuMeyk,4.2,36,"2697 W 10th St, Indianapolis",https://www.google.com/maps/place/?q=place_id:ChIJu9uaEBJXa4gRi7E_anuMeyk,39.9016042,-86.0415117,39.90313063,-86.04017077,39.90043097,-86.04287043,18097341600
156,OPERATIONAL,"{'location': {'lat': 39.7628016, 'lng': -86.35407169999999}, 'viewport': {'northeast': {'lat': 39.76427027989271, 'lng': -86.35248142010727}, 'southwest': {'lat': 39.76157062010727, 'lng': -86.35518107989272}}}",Emergency Room - Ascension St. Vincent Hospital - Avon,ChIJb3fy2l6vbIgR7ESXW8EsKQg,4,170,"9613 E US Hwy 36, Avon",https://www.google.com/maps/place/?q=place_id:ChIJb3fy2l6vbIgR7ESXW8EsKQg,39.7628016,-86.3540717,39.76427028,-86.35248142,39.76157062,-86.35518108,18063210614
157,OPERATIONAL,"{'location': {'lat': 39.7791413, 'lng': -86.175772}, 'viewport': {'northeast': {'lat': 39.78033732989272, 'lng': -86.17448757010727}, 'southwest': {'lat': 39.77763767010728, 'lng': -86.17718722989272}}}",Riley Physicians Pediatrics - Pediatric Care Center,ChIJe-zRgTZXa4gRxi8vhL2AkEM,3.3,4,"1002 Wishard Blvd Suite 2001, Indianapolis",https://www.google.com/maps/place/?q=place_id:ChIJe-zRgTZXa4gRxi8vhL2AkEM,39.7628016,-86.3540717,39.76427028,-86.35248142,39.76157062,-86.35518108,18097391001
158,OPERATIONAL,"{'location': {'lat': 39.8557946, 'lng': -86.0437984}, 'viewport': {'northeast': {'lat': 39.85695462989272, 'lng': -86.04253922010727}, 'southwest': {'lat': 39.85425497010728, 'lng': -86.04523887989272}}}",Options Behavioral Health Hospital,ChIJSam7nkhMa4gRrL70v-Ngn1I,2.9,182,"5602 Caito Dr, Indianapolis",https://www.google.com/maps/place/?q=place_id:ChIJSam7nkhMa4gRrL70v-Ngn1I,39.8557946,-86.0437984,39.85695463,-86.04253922,39.85425497,-86.04523888,18097390602
159,OPERATIONAL,"{'location': {'lat': 39.748481, 'lng': -86.259445}, 'viewport': {'northeast': {'lat': 39.74995777989272, 'lng': -86.25807157010729}, 'southwest': {'lat': 39.74725812010728, 'lng': -86.26077122989273}}}","Dena's Day Care Center, INC",ChIJ5cXvq_mnbIgRrRQEhyQud9Y,3.9,11,"5707 Chelsea Rd, Indianapolis",https://www.google.com/maps/place/?q=place_id:ChIJ5cXvq_mnbIgRrRQEhyQud9Y,39.8557946,-86.0437984,39.85695463,-86.04253922,39.85425497,-86.04523888,18097342200